# Blender 4.5.3 LTS
# www.blender.org
mtllib 32x32Plane.mtl
o Plane
v -1.000000 0.000000 1.000000
v 1.000000 0.000000 1.000000
v -1.000000 0.000000 -1.000000
v 1.000000 0.000000 -1.000000
v -1.000000 0.000000 -0.939394
v -1.000000 0.000000 -0.878788
v -1.000000 0.000000 -0.818182
v -1.000000 0.000000 -0.757576
v -1.000000 0.000000 -0.696970
v -1.000000 0.000000 -0.636364
v -1.000000 0.000000 -0.575758
v -1.000000 0.000000 -0.515152
v -1.000000 0.000000 -0.454545
v -1.000000 0.000000 -0.393939
v -1.000000 0.000000 -0.333333
v -1.000000 0.000000 -0.272727
v -1.000000 0.000000 -0.212121
v -1.000000 0.000000 -0.151515
v -1.000000 0.000000 -0.090909
v -1.000000 0.000000 -0.030303
v -1.000000 0.000000 0.030303
v -1.000000 0.000000 0.090909
v -1.000000 0.000000 0.151515
v -1.000000 0.000000 0.212121
v -1.000000 0.000000 0.272727
v -1.000000 0.000000 0.333333
v -1.000000 0.000000 0.393939
v -1.000000 0.000000 0.454545
v -1.000000 0.000000 0.515152
v -1.000000 0.000000 0.575758
v -1.000000 0.000000 0.636364
v -1.000000 0.000000 0.696970
v -1.000000 0.000000 0.757576
v -1.000000 0.000000 0.818182
v -1.000000 0.000000 0.878788
v -1.000000 0.000000 0.939394
v -0.939394 0.000000 1.000000
v -0.878788 0.000000 1.000000
v -0.818182 0.000000 1.000000
v -0.757576 0.000000 1.000000
v -0.696970 0.000000 1.000000
v -0.636364 0.000000 1.000000
v -0.575758 0.000000 1.000000
v -0.515152 0.000000 1.000000
v -0.454545 0.000000 1.000000
v -0.393939 0.000000 1.000000
v -0.333333 0.000000 1.000000
v -0.272727 0.000000 1.000000
v -0.212121 0.000000 1.000000
v -0.151515 0.000000 1.000000
v -0.090909 0.000000 1.000000
v -0.030303 0.000000 1.000000
v 0.030303 0.000000 1.000000
v 0.090909 0.000000 1.000000
v 0.151515 0.000000 1.000000
v 0.212121 0.000000 1.000000
v 0.272727 0.000000 1.000000
v 0.333333 0.000000 1.000000
v 0.393939 0.000000 1.000000
v 0.454545 0.000000 1.000000
v 0.515152 0.000000 1.000000
v 0.575758 0.000000 1.000000
v 0.636364 0.000000 1.000000
v 0.696970 0.000000 1.000000
v 0.757576 0.000000 1.000000
v 0.818182 0.000000 1.000000
v 0.878788 0.000000 1.000000
v 0.939394 0.000000 1.000000
v 1.000000 0.000000 0.939394
v 1.000000 0.000000 0.878788
v 1.000000 0.000000 0.818182
v 1.000000 0.000000 0.757576
v 1.000000 0.000000 0.696970
v 1.000000 0.000000 0.636364
v 1.000000 0.000000 0.575758
v 1.000000 0.000000 0.515152
v 1.000000 0.000000 0.454545
v 1.000000 0.000000 0.393939
v 1.000000 0.000000 0.333333
v 1.000000 0.000000 0.272727
v 1.000000 0.000000 0.212121
v 1.000000 0.000000 0.151515
v 1.000000 0.000000 0.090909
v 1.000000 0.000000 0.030303
v 1.000000 0.000000 -0.030303
v 1.000000 0.000000 -0.090909
v 1.000000 0.000000 -0.151515
v 1.000000 0.000000 -0.212121
v 1.000000 0.000000 -0.272727
v 1.000000 0.000000 -0.333333
v 1.000000 0.000000 -0.393939
v 1.000000 0.000000 -0.454545
v 1.000000 0.000000 -0.515152
v 1.000000 0.000000 -0.575758
v 1.000000 0.000000 -0.636364
v 1.000000 0.000000 -0.696970
v 1.000000 0.000000 -0.757576
v 1.000000 0.000000 -0.818182
v 1.000000 0.000000 -0.878788
v 1.000000 0.000000 -0.939394
v 0.939394 0.000000 -1.000000
v 0.878788 0.000000 -1.000000
v 0.818182 0.000000 -1.000000
v 0.757576 0.000000 -1.000000
v 0.696970 0.000000 -1.000000
v 0.636364 0.000000 -1.000000
v 0.575758 0.000000 -1.000000
v 0.515152 0.000000 -1.000000
v 0.454545 0.000000 -1.000000
v 0.393939 0.000000 -1.000000
v 0.333333 0.000000 -1.000000
v 0.272727 0.000000 -1.000000
v 0.212121 0.000000 -1.000000
v 0.151515 0.000000 -1.000000
v 0.090909 0.000000 -1.000000
v 0.030303 0.000000 -1.000000
v -0.030303 0.000000 -1.000000
v -0.090909 0.000000 -1.000000
v -0.151515 0.000000 -1.000000
v -0.212121 0.000000 -1.000000
v -0.272727 0.000000 -1.000000
v -0.333333 0.000000 -1.000000
v -0.393939 0.000000 -1.000000
v -0.454545 0.000000 -1.000000
v -0.515152 0.000000 -1.000000
v -0.575758 0.000000 -1.000000
v -0.636364 0.000000 -1.000000
v -0.696970 0.000000 -1.000000
v -0.757576 0.000000 -1.000000
v -0.818182 0.000000 -1.000000
v -0.878788 0.000000 -1.000000
v -0.939394 0.000000 -1.000000
v -0.939394 0.000000 0.939394
v -0.939394 0.000000 0.878788
v -0.939394 0.000000 0.818182
v -0.939394 0.000000 0.757576
v -0.939394 0.000000 0.696970
v -0.939394 0.000000 0.636364
v -0.939394 0.000000 0.575758
v -0.939394 0.000000 0.515152
v -0.939394 0.000000 0.454545
v -0.939394 0.000000 0.393939
v -0.939394 0.000000 0.333333
v -0.939394 0.000000 0.272727
v -0.939394 0.000000 0.212121
v -0.939394 0.000000 0.151515
v -0.939394 0.000000 0.090909
v -0.939394 0.000000 0.030303
v -0.939394 0.000000 -0.030303
v -0.939394 0.000000 -0.090909
v -0.939394 0.000000 -0.151515
v -0.939394 0.000000 -0.212121
v -0.939394 0.000000 -0.272727
v -0.939394 0.000000 -0.333333
v -0.939394 0.000000 -0.393939
v -0.939394 0.000000 -0.454545
v -0.939394 0.000000 -0.515152
v -0.939394 0.000000 -0.575758
v -0.939394 0.000000 -0.636364
v -0.939394 0.000000 -0.696970
v -0.939394 0.000000 -0.757576
v -0.939394 0.000000 -0.818182
v -0.939394 0.000000 -0.878788
v -0.939394 0.000000 -0.939394
v -0.878788 0.000000 0.939394
v -0.878788 0.000000 0.878788
v -0.878788 0.000000 0.818182
v -0.878788 0.000000 0.757576
v -0.878788 0.000000 0.696970
v -0.878788 0.000000 0.636364
v -0.878788 0.000000 0.575758
v -0.878788 0.000000 0.515152
v -0.878788 0.000000 0.454545
v -0.878788 0.000000 0.393939
v -0.878788 0.000000 0.333333
v -0.878788 0.000000 0.272727
v -0.878788 0.000000 0.212121
v -0.878788 0.000000 0.151515
v -0.878788 0.000000 0.090909
v -0.878788 0.000000 0.030303
v -0.878788 0.000000 -0.030303
v -0.878788 0.000000 -0.090909
v -0.878788 0.000000 -0.151515
v -0.878788 0.000000 -0.212121
v -0.878788 0.000000 -0.272727
v -0.878788 0.000000 -0.333333
v -0.878788 0.000000 -0.393939
v -0.878788 0.000000 -0.454545
v -0.878788 0.000000 -0.515152
v -0.878788 0.000000 -0.575758
v -0.878788 0.000000 -0.636364
v -0.878788 0.000000 -0.696970
v -0.878788 0.000000 -0.757576
v -0.878788 0.000000 -0.818182
v -0.878788 0.000000 -0.878788
v -0.878788 0.000000 -0.939394
v -0.818182 0.000000 0.939394
v -0.818182 0.000000 0.878788
v -0.818182 0.000000 0.818182
v -0.818182 0.000000 0.757576
v -0.818182 0.000000 0.696970
v -0.818182 0.000000 0.636364
v -0.818182 0.000000 0.575758
v -0.818182 0.000000 0.515152
v -0.818182 0.000000 0.454545
v -0.818182 0.000000 0.393939
v -0.818182 0.000000 0.333333
v -0.818182 0.000000 0.272727
v -0.818182 0.000000 0.212121
v -0.818182 0.000000 0.151515
v -0.818182 0.000000 0.090909
v -0.818182 0.000000 0.030303
v -0.818182 0.000000 -0.030303
v -0.818182 0.000000 -0.090909
v -0.818182 0.000000 -0.151515
v -0.818182 0.000000 -0.212121
v -0.818182 0.000000 -0.272727
v -0.818182 0.000000 -0.333333
v -0.818182 0.000000 -0.393939
v -0.818182 0.000000 -0.454545
v -0.818182 0.000000 -0.515152
v -0.818182 0.000000 -0.575758
v -0.818182 0.000000 -0.636364
v -0.818182 0.000000 -0.696970
v -0.818182 0.000000 -0.757576
v -0.818182 0.000000 -0.818182
v -0.818182 0.000000 -0.878788
v -0.818182 0.000000 -0.939394
v -0.757576 0.000000 0.939394
v -0.757576 0.000000 0.878788
v -0.757576 0.000000 0.818182
v -0.757576 0.000000 0.757576
v -0.757576 0.000000 0.696970
v -0.757576 0.000000 0.636364
v -0.757576 0.000000 0.575758
v -0.757576 0.000000 0.515152
v -0.757576 0.000000 0.454545
v -0.757576 0.000000 0.393939
v -0.757576 0.000000 0.333333
v -0.757576 0.000000 0.272727
v -0.757576 0.000000 0.212121
v -0.757576 0.000000 0.151515
v -0.757576 0.000000 0.090909
v -0.757576 0.000000 0.030303
v -0.757576 0.000000 -0.030303
v -0.757576 0.000000 -0.090909
v -0.757576 0.000000 -0.151515
v -0.757576 0.000000 -0.212121
v -0.757576 0.000000 -0.272727
v -0.757576 0.000000 -0.333333
v -0.757576 0.000000 -0.393939
v -0.757576 0.000000 -0.454545
v -0.757576 0.000000 -0.515152
v -0.757576 0.000000 -0.575758
v -0.757576 0.000000 -0.636364
v -0.757576 0.000000 -0.696970
v -0.757576 0.000000 -0.757576
v -0.757576 0.000000 -0.818182
v -0.757576 0.000000 -0.878788
v -0.757576 0.000000 -0.939394
v -0.696970 0.000000 0.939394
v -0.696970 0.000000 0.878788
v -0.696970 0.000000 0.818182
v -0.696970 0.000000 0.757576
v -0.696970 0.000000 0.696970
v -0.696970 0.000000 0.636364
v -0.696970 0.000000 0.575758
v -0.696970 0.000000 0.515152
v -0.696970 0.000000 0.454545
v -0.696970 0.000000 0.393939
v -0.696970 0.000000 0.333333
v -0.696970 0.000000 0.272727
v -0.696970 0.000000 0.212121
v -0.696970 0.000000 0.151515
v -0.696970 0.000000 0.090909
v -0.696970 0.000000 0.030303
v -0.696970 0.000000 -0.030303
v -0.696970 0.000000 -0.090909
v -0.696970 0.000000 -0.151515
v -0.696970 0.000000 -0.212121
v -0.696970 0.000000 -0.272727
v -0.696970 0.000000 -0.333333
v -0.696970 0.000000 -0.393939
v -0.696970 0.000000 -0.454545
v -0.696970 0.000000 -0.515152
v -0.696970 0.000000 -0.575758
v -0.696970 0.000000 -0.636364
v -0.696970 0.000000 -0.696970
v -0.696970 0.000000 -0.757576
v -0.696970 0.000000 -0.818182
v -0.696970 0.000000 -0.878788
v -0.696970 0.000000 -0.939394
v -0.636364 0.000000 0.939394
v -0.636364 0.000000 0.878788
v -0.636364 0.000000 0.818182
v -0.636364 0.000000 0.757576
v -0.636364 0.000000 0.696970
v -0.636364 0.000000 0.636364
v -0.636364 0.000000 0.575758
v -0.636364 0.000000 0.515152
v -0.636364 0.000000 0.454545
v -0.636364 0.000000 0.393939
v -0.636364 0.000000 0.333333
v -0.636364 0.000000 0.272727
v -0.636364 0.000000 0.212121
v -0.636364 0.000000 0.151515
v -0.636364 0.000000 0.090909
v -0.636364 0.000000 0.030303
v -0.636364 0.000000 -0.030303
v -0.636364 0.000000 -0.090909
v -0.636364 0.000000 -0.151515
v -0.636364 0.000000 -0.212121
v -0.636364 0.000000 -0.272727
v -0.636364 0.000000 -0.333333
v -0.636364 0.000000 -0.393939
v -0.636364 0.000000 -0.454545
v -0.636364 0.000000 -0.515152
v -0.636364 0.000000 -0.575758
v -0.636364 0.000000 -0.636364
v -0.636364 0.000000 -0.696970
v -0.636364 0.000000 -0.757576
v -0.636364 0.000000 -0.818182
v -0.636364 0.000000 -0.878788
v -0.636364 0.000000 -0.939394
v -0.575758 0.000000 0.939394
v -0.575758 0.000000 0.878788
v -0.575758 0.000000 0.818182
v -0.575758 0.000000 0.757576
v -0.575758 0.000000 0.696970
v -0.575758 0.000000 0.636364
v -0.575758 0.000000 0.575758
v -0.575758 0.000000 0.515152
v -0.575758 0.000000 0.454545
v -0.575758 0.000000 0.393939
v -0.575758 0.000000 0.333333
v -0.575758 0.000000 0.272727
v -0.575758 0.000000 0.212121
v -0.575758 0.000000 0.151515
v -0.575758 0.000000 0.090909
v -0.575758 0.000000 0.030303
v -0.575758 0.000000 -0.030303
v -0.575758 0.000000 -0.090909
v -0.575758 0.000000 -0.151515
v -0.575758 0.000000 -0.212121
v -0.575758 0.000000 -0.272727
v -0.575758 0.000000 -0.333333
v -0.575758 0.000000 -0.393939
v -0.575758 0.000000 -0.454545
v -0.575758 0.000000 -0.515152
v -0.575758 0.000000 -0.575758
v -0.575758 0.000000 -0.636364
v -0.575758 0.000000 -0.696970
v -0.575758 0.000000 -0.757576
v -0.575758 0.000000 -0.818182
v -0.575758 0.000000 -0.878788
v -0.575758 0.000000 -0.939394
v -0.515152 0.000000 0.939394
v -0.515152 0.000000 0.878788
v -0.515152 0.000000 0.818182
v -0.515152 0.000000 0.757576
v -0.515152 0.000000 0.696970
v -0.515152 0.000000 0.636364
v -0.515152 0.000000 0.575758
v -0.515152 0.000000 0.515152
v -0.515152 0.000000 0.454545
v -0.515152 0.000000 0.393939
v -0.515152 0.000000 0.333333
v -0.515152 0.000000 0.272727
v -0.515152 0.000000 0.212121
v -0.515152 0.000000 0.151515
v -0.515152 0.000000 0.090909
v -0.515152 0.000000 0.030303
v -0.515152 0.000000 -0.030303
v -0.515152 0.000000 -0.090909
v -0.515152 0.000000 -0.151515
v -0.515152 0.000000 -0.212121
v -0.515152 0.000000 -0.272727
v -0.515152 0.000000 -0.333333
v -0.515152 0.000000 -0.393939
v -0.515152 0.000000 -0.454545
v -0.515152 0.000000 -0.515152
v -0.515152 0.000000 -0.575758
v -0.515152 0.000000 -0.636364
v -0.515152 0.000000 -0.696970
v -0.515152 0.000000 -0.757576
v -0.515152 0.000000 -0.818182
v -0.515152 0.000000 -0.878788
v -0.515152 0.000000 -0.939394
v -0.454545 0.000000 0.939394
v -0.454545 0.000000 0.878788
v -0.454545 0.000000 0.818182
v -0.454545 0.000000 0.757576
v -0.454545 0.000000 0.696970
v -0.454545 0.000000 0.636364
v -0.454545 0.000000 0.575758
v -0.454545 0.000000 0.515152
v -0.454545 0.000000 0.454545
v -0.454545 0.000000 0.393939
v -0.454545 0.000000 0.333333
v -0.454545 0.000000 0.272727
v -0.454545 0.000000 0.212121
v -0.454545 0.000000 0.151515
v -0.454545 0.000000 0.090909
v -0.454545 0.000000 0.030303
v -0.454545 0.000000 -0.030303
v -0.454545 0.000000 -0.090909
v -0.454545 0.000000 -0.151515
v -0.454545 0.000000 -0.212121
v -0.454545 0.000000 -0.272727
v -0.454545 0.000000 -0.333333
v -0.454545 0.000000 -0.393939
v -0.454545 0.000000 -0.454545
v -0.454545 0.000000 -0.515152
v -0.454545 0.000000 -0.575758
v -0.454545 0.000000 -0.636364
v -0.454545 0.000000 -0.696970
v -0.454545 0.000000 -0.757576
v -0.454545 0.000000 -0.818182
v -0.454545 0.000000 -0.878788
v -0.454545 0.000000 -0.939394
v -0.393939 0.000000 0.939394
v -0.393939 0.000000 0.878788
v -0.393939 0.000000 0.818182
v -0.393939 0.000000 0.757576
v -0.393939 0.000000 0.696970
v -0.393939 0.000000 0.636364
v -0.393939 0.000000 0.575758
v -0.393939 0.000000 0.515152
v -0.393939 0.000000 0.454545
v -0.393939 0.000000 0.393939
v -0.393939 0.000000 0.333333
v -0.393939 0.000000 0.272727
v -0.393939 0.000000 0.212121
v -0.393939 0.000000 0.151515
v -0.393939 0.000000 0.090909
v -0.393939 0.000000 0.030303
v -0.393939 0.000000 -0.030303
v -0.393939 0.000000 -0.090909
v -0.393939 0.000000 -0.151515
v -0.393939 0.000000 -0.212121
v -0.393939 0.000000 -0.272727
v -0.393939 0.000000 -0.333333
v -0.393939 0.000000 -0.393939
v -0.393939 0.000000 -0.454545
v -0.393939 0.000000 -0.515152
v -0.393939 0.000000 -0.575758
v -0.393939 0.000000 -0.636364
v -0.393939 0.000000 -0.696970
v -0.393939 0.000000 -0.757576
v -0.393939 0.000000 -0.818182
v -0.393939 0.000000 -0.878788
v -0.393939 0.000000 -0.939394
v -0.333333 0.000000 0.939394
v -0.333333 0.000000 0.878788
v -0.333333 0.000000 0.818182
v -0.333333 0.000000 0.757576
v -0.333333 0.000000 0.696970
v -0.333333 0.000000 0.636364
v -0.333333 0.000000 0.575758
v -0.333333 0.000000 0.515152
v -0.333333 0.000000 0.454545
v -0.333333 0.000000 0.393939
v -0.333333 0.000000 0.333333
v -0.333333 0.000000 0.272727
v -0.333333 0.000000 0.212121
v -0.333333 0.000000 0.151515
v -0.333333 0.000000 0.090909
v -0.333333 0.000000 0.030303
v -0.333333 0.000000 -0.030303
v -0.333333 0.000000 -0.090909
v -0.333333 0.000000 -0.151515
v -0.333333 0.000000 -0.212121
v -0.333333 0.000000 -0.272727
v -0.333333 0.000000 -0.333333
v -0.333333 0.000000 -0.393939
v -0.333333 0.000000 -0.454545
v -0.333333 0.000000 -0.515152
v -0.333333 0.000000 -0.575758
v -0.333333 0.000000 -0.636364
v -0.333333 0.000000 -0.696970
v -0.333333 0.000000 -0.757576
v -0.333333 0.000000 -0.818182
v -0.333333 0.000000 -0.878788
v -0.333333 0.000000 -0.939394
v -0.272727 0.000000 0.939394
v -0.272727 0.000000 0.878788
v -0.272727 0.000000 0.818182
v -0.272727 0.000000 0.757576
v -0.272727 0.000000 0.696970
v -0.272727 0.000000 0.636364
v -0.272727 0.000000 0.575758
v -0.272727 0.000000 0.515152
v -0.272727 0.000000 0.454545
v -0.272727 0.000000 0.393939
v -0.272727 0.000000 0.333333
v -0.272727 0.000000 0.272727
v -0.272727 0.000000 0.212121
v -0.272727 0.000000 0.151515
v -0.272727 0.000000 0.090909
v -0.272727 0.000000 0.030303
v -0.272727 0.000000 -0.030303
v -0.272727 0.000000 -0.090909
v -0.272727 0.000000 -0.151515
v -0.272727 0.000000 -0.212121
v -0.272727 0.000000 -0.272727
v -0.272727 0.000000 -0.333333
v -0.272727 0.000000 -0.393939
v -0.272727 0.000000 -0.454545
v -0.272727 0.000000 -0.515152
v -0.272727 0.000000 -0.575758
v -0.272727 0.000000 -0.636364
v -0.272727 0.000000 -0.696970
v -0.272727 0.000000 -0.757576
v -0.272727 0.000000 -0.818182
v -0.272727 0.000000 -0.878788
v -0.272727 0.000000 -0.939394
v -0.212121 0.000000 0.939394
v -0.212121 0.000000 0.878788
v -0.212121 0.000000 0.818182
v -0.212121 0.000000 0.757576
v -0.212121 0.000000 0.696970
v -0.212121 0.000000 0.636364
v -0.212121 0.000000 0.575758
v -0.212121 0.000000 0.515152
v -0.212121 0.000000 0.454545
v -0.212121 0.000000 0.393939
v -0.212121 0.000000 0.333333
v -0.212121 0.000000 0.272727
v -0.212121 0.000000 0.212121
v -0.212121 0.000000 0.151515
v -0.212121 0.000000 0.090909
v -0.212121 0.000000 0.030303
v -0.212121 0.000000 -0.030303
v -0.212121 0.000000 -0.090909
v -0.212121 0.000000 -0.151515
v -0.212121 0.000000 -0.212121
v -0.212121 0.000000 -0.272727
v -0.212121 0.000000 -0.333333
v -0.212121 0.000000 -0.393939
v -0.212121 0.000000 -0.454545
v -0.212121 0.000000 -0.515152
v -0.212121 0.000000 -0.575758
v -0.212121 0.000000 -0.636364
v -0.212121 0.000000 -0.696970
v -0.212121 0.000000 -0.757576
v -0.212121 0.000000 -0.818182
v -0.212121 0.000000 -0.878788
v -0.212121 0.000000 -0.939394
v -0.151515 0.000000 0.939394
v -0.151515 0.000000 0.878788
v -0.151515 0.000000 0.818182
v -0.151515 0.000000 0.757576
v -0.151515 0.000000 0.696970
v -0.151515 0.000000 0.636364
v -0.151515 0.000000 0.575758
v -0.151515 0.000000 0.515152
v -0.151515 0.000000 0.454545
v -0.151515 0.000000 0.393939
v -0.151515 0.000000 0.333333
v -0.151515 0.000000 0.272727
v -0.151515 0.000000 0.212121
v -0.151515 0.000000 0.151515
v -0.151515 0.000000 0.090909
v -0.151515 0.000000 0.030303
v -0.151515 0.000000 -0.030303
v -0.151515 0.000000 -0.090909
v -0.151515 0.000000 -0.151515
v -0.151515 0.000000 -0.212121
v -0.151515 0.000000 -0.272727
v -0.151515 0.000000 -0.333333
v -0.151515 0.000000 -0.393939
v -0.151515 0.000000 -0.454545
v -0.151515 0.000000 -0.515152
v -0.151515 0.000000 -0.575758
v -0.151515 0.000000 -0.636364
v -0.151515 0.000000 -0.696970
v -0.151515 0.000000 -0.757576
v -0.151515 0.000000 -0.818182
v -0.151515 0.000000 -0.878788
v -0.151515 0.000000 -0.939394
v -0.090909 0.000000 0.939394
v -0.090909 0.000000 0.878788
v -0.090909 0.000000 0.818182
v -0.090909 0.000000 0.757576
v -0.090909 0.000000 0.696970
v -0.090909 0.000000 0.636364
v -0.090909 0.000000 0.575758
v -0.090909 0.000000 0.515152
v -0.090909 0.000000 0.454545
v -0.090909 0.000000 0.393939
v -0.090909 0.000000 0.333333
v -0.090909 0.000000 0.272727
v -0.090909 0.000000 0.212121
v -0.090909 0.000000 0.151515
v -0.090909 0.000000 0.090909
v -0.090909 0.000000 0.030303
v -0.090909 0.000000 -0.030303
v -0.090909 0.000000 -0.090909
v -0.090909 0.000000 -0.151515
v -0.090909 0.000000 -0.212121
v -0.090909 0.000000 -0.272727
v -0.090909 0.000000 -0.333333
v -0.090909 0.000000 -0.393939
v -0.090909 0.000000 -0.454545
v -0.090909 0.000000 -0.515152
v -0.090909 0.000000 -0.575758
v -0.090909 0.000000 -0.636364
v -0.090909 0.000000 -0.696970
v -0.090909 0.000000 -0.757576
v -0.090909 0.000000 -0.818182
v -0.090909 0.000000 -0.878788
v -0.090909 0.000000 -0.939394
v -0.030303 0.000000 0.939394
v -0.030303 0.000000 0.878788
v -0.030303 0.000000 0.818182
v -0.030303 0.000000 0.757576
v -0.030303 0.000000 0.696970
v -0.030303 0.000000 0.636364
v -0.030303 0.000000 0.575758
v -0.030303 0.000000 0.515152
v -0.030303 0.000000 0.454545
v -0.030303 0.000000 0.393939
v -0.030303 0.000000 0.333333
v -0.030303 0.000000 0.272727
v -0.030303 0.000000 0.212121
v -0.030303 0.000000 0.151515
v -0.030303 0.000000 0.090909
v -0.030303 0.000000 0.030303
v -0.030303 0.000000 -0.030303
v -0.030303 0.000000 -0.090909
v -0.030303 0.000000 -0.151515
v -0.030303 0.000000 -0.212121
v -0.030303 0.000000 -0.272727
v -0.030303 0.000000 -0.333333
v -0.030303 0.000000 -0.393939
v -0.030303 0.000000 -0.454545
v -0.030303 0.000000 -0.515152
v -0.030303 0.000000 -0.575758
v -0.030303 0.000000 -0.636364
v -0.030303 0.000000 -0.696970
v -0.030303 0.000000 -0.757576
v -0.030303 0.000000 -0.818182
v -0.030303 0.000000 -0.878788
v -0.030303 0.000000 -0.939394
v 0.030303 0.000000 0.939394
v 0.030303 0.000000 0.878788
v 0.030303 0.000000 0.818182
v 0.030303 0.000000 0.757576
v 0.030303 0.000000 0.696970
v 0.030303 0.000000 0.636364
v 0.030303 0.000000 0.575758
v 0.030303 0.000000 0.515152
v 0.030303 0.000000 0.454545
v 0.030303 0.000000 0.393939
v 0.030303 0.000000 0.333333
v 0.030303 0.000000 0.272727
v 0.030303 0.000000 0.212121
v 0.030303 0.000000 0.151515
v 0.030303 0.000000 0.090909
v 0.030303 0.000000 0.030303
v 0.030303 0.000000 -0.030303
v 0.030303 0.000000 -0.090909
v 0.030303 0.000000 -0.151515
v 0.030303 0.000000 -0.212121
v 0.030303 0.000000 -0.272727
v 0.030303 0.000000 -0.333333
v 0.030303 0.000000 -0.393939
v 0.030303 0.000000 -0.454545
v 0.030303 0.000000 -0.515152
v 0.030303 0.000000 -0.575758
v 0.030303 0.000000 -0.636364
v 0.030303 0.000000 -0.696970
v 0.030303 0.000000 -0.757576
v 0.030303 0.000000 -0.818182
v 0.030303 0.000000 -0.878788
v 0.030303 0.000000 -0.939394
v 0.090909 0.000000 0.939394
v 0.090909 0.000000 0.878788
v 0.090909 0.000000 0.818182
v 0.090909 0.000000 0.757576
v 0.090909 0.000000 0.696970
v 0.090909 0.000000 0.636364
v 0.090909 0.000000 0.575758
v 0.090909 0.000000 0.515152
v 0.090909 0.000000 0.454545
v 0.090909 0.000000 0.393939
v 0.090909 0.000000 0.333333
v 0.090909 0.000000 0.272727
v 0.090909 0.000000 0.212121
v 0.090909 0.000000 0.151515
v 0.090909 0.000000 0.090909
v 0.090909 0.000000 0.030303
v 0.090909 0.000000 -0.030303
v 0.090909 0.000000 -0.090909
v 0.090909 0.000000 -0.151515
v 0.090909 0.000000 -0.212121
v 0.090909 0.000000 -0.272727
v 0.090909 0.000000 -0.333333
v 0.090909 0.000000 -0.393939
v 0.090909 0.000000 -0.454545
v 0.090909 0.000000 -0.515152
v 0.090909 0.000000 -0.575758
v 0.090909 0.000000 -0.636364
v 0.090909 0.000000 -0.696970
v 0.090909 0.000000 -0.757576
v 0.090909 0.000000 -0.818182
v 0.090909 0.000000 -0.878788
v 0.090909 0.000000 -0.939394
v 0.151515 0.000000 0.939394
v 0.151515 0.000000 0.878788
v 0.151515 0.000000 0.818182
v 0.151515 0.000000 0.757576
v 0.151515 0.000000 0.696970
v 0.151515 0.000000 0.636364
v 0.151515 0.000000 0.575758
v 0.151515 0.000000 0.515152
v 0.151515 0.000000 0.454545
v 0.151515 0.000000 0.393939
v 0.151515 0.000000 0.333333
v 0.151515 0.000000 0.272727
v 0.151515 0.000000 0.212121
v 0.151515 0.000000 0.151515
v 0.151515 0.000000 0.090909
v 0.151515 0.000000 0.030303
v 0.151515 0.000000 -0.030303
v 0.151515 0.000000 -0.090909
v 0.151515 0.000000 -0.151515
v 0.151515 0.000000 -0.212121
v 0.151515 0.000000 -0.272727
v 0.151515 0.000000 -0.333333
v 0.151515 0.000000 -0.393939
v 0.151515 0.000000 -0.454545
v 0.151515 0.000000 -0.515152
v 0.151515 0.000000 -0.575758
v 0.151515 0.000000 -0.636364
v 0.151515 0.000000 -0.696970
v 0.151515 0.000000 -0.757576
v 0.151515 0.000000 -0.818182
v 0.151515 0.000000 -0.878788
v 0.151515 0.000000 -0.939394
v 0.212121 0.000000 0.939394
v 0.212121 0.000000 0.878788
v 0.212121 0.000000 0.818182
v 0.212121 0.000000 0.757576
v 0.212121 0.000000 0.696970
v 0.212121 0.000000 0.636364
v 0.212121 0.000000 0.575758
v 0.212121 0.000000 0.515152
v 0.212121 0.000000 0.454545
v 0.212121 0.000000 0.393939
v 0.212121 0.000000 0.333333
v 0.212121 0.000000 0.272727
v 0.212121 0.000000 0.212121
v 0.212121 0.000000 0.151515
v 0.212121 0.000000 0.090909
v 0.212121 0.000000 0.030303
v 0.212121 0.000000 -0.030303
v 0.212121 0.000000 -0.090909
v 0.212121 0.000000 -0.151515
v 0.212121 0.000000 -0.212121
v 0.212121 0.000000 -0.272727
v 0.212121 0.000000 -0.333333
v 0.212121 0.000000 -0.393939
v 0.212121 0.000000 -0.454545
v 0.212121 0.000000 -0.515152
v 0.212121 0.000000 -0.575758
v 0.212121 0.000000 -0.636364
v 0.212121 0.000000 -0.696970
v 0.212121 0.000000 -0.757576
v 0.212121 0.000000 -0.818182
v 0.212121 0.000000 -0.878788
v 0.212121 0.000000 -0.939394
v 0.272727 0.000000 0.939394
v 0.272727 0.000000 0.878788
v 0.272727 0.000000 0.818182
v 0.272727 0.000000 0.757576
v 0.272727 0.000000 0.696970
v 0.272727 0.000000 0.636364
v 0.272727 0.000000 0.575758
v 0.272727 0.000000 0.515152
v 0.272727 0.000000 0.454545
v 0.272727 0.000000 0.393939
v 0.272727 0.000000 0.333333
v 0.272727 0.000000 0.272727
v 0.272727 0.000000 0.212121
v 0.272727 0.000000 0.151515
v 0.272727 0.000000 0.090909
v 0.272727 0.000000 0.030303
v 0.272727 0.000000 -0.030303
v 0.272727 0.000000 -0.090909
v 0.272727 0.000000 -0.151515
v 0.272727 0.000000 -0.212121
v 0.272727 0.000000 -0.272727
v 0.272727 0.000000 -0.333333
v 0.272727 0.000000 -0.393939
v 0.272727 0.000000 -0.454545
v 0.272727 0.000000 -0.515152
v 0.272727 0.000000 -0.575758
v 0.272727 0.000000 -0.636364
v 0.272727 0.000000 -0.696970
v 0.272727 0.000000 -0.757576
v 0.272727 0.000000 -0.818182
v 0.272727 0.000000 -0.878788
v 0.272727 0.000000 -0.939394
v 0.333333 0.000000 0.939394
v 0.333333 0.000000 0.878788
v 0.333333 0.000000 0.818182
v 0.333333 0.000000 0.757576
v 0.333333 0.000000 0.696970
v 0.333333 0.000000 0.636364
v 0.333333 0.000000 0.575758
v 0.333333 0.000000 0.515152
v 0.333333 0.000000 0.454545
v 0.333333 0.000000 0.393939
v 0.333333 0.000000 0.333333
v 0.333333 0.000000 0.272727
v 0.333333 0.000000 0.212121
v 0.333333 0.000000 0.151515
v 0.333333 0.000000 0.090909
v 0.333333 0.000000 0.030303
v 0.333333 0.000000 -0.030303
v 0.333333 0.000000 -0.090909
v 0.333333 0.000000 -0.151515
v 0.333333 0.000000 -0.212121
v 0.333333 0.000000 -0.272727
v 0.333333 0.000000 -0.333333
v 0.333333 0.000000 -0.393939
v 0.333333 0.000000 -0.454545
v 0.333333 0.000000 -0.515152
v 0.333333 0.000000 -0.575758
v 0.333333 0.000000 -0.636364
v 0.333333 0.000000 -0.696970
v 0.333333 0.000000 -0.757576
v 0.333333 0.000000 -0.818182
v 0.333333 0.000000 -0.878788
v 0.333333 0.000000 -0.939394
v 0.393939 0.000000 0.939394
v 0.393939 0.000000 0.878788
v 0.393939 0.000000 0.818182
v 0.393939 0.000000 0.757576
v 0.393939 0.000000 0.696970
v 0.393939 0.000000 0.636364
v 0.393939 0.000000 0.575758
v 0.393939 0.000000 0.515152
v 0.393939 0.000000 0.454545
v 0.393939 0.000000 0.393939
v 0.393939 0.000000 0.333333
v 0.393939 0.000000 0.272727
v 0.393939 0.000000 0.212121
v 0.393939 0.000000 0.151515
v 0.393939 0.000000 0.090909
v 0.393939 0.000000 0.030303
v 0.393939 0.000000 -0.030303
v 0.393939 0.000000 -0.090909
v 0.393939 0.000000 -0.151515
v 0.393939 0.000000 -0.212121
v 0.393939 0.000000 -0.272727
v 0.393939 0.000000 -0.333333
v 0.393939 0.000000 -0.393939
v 0.393939 0.000000 -0.454545
v 0.393939 0.000000 -0.515152
v 0.393939 0.000000 -0.575758
v 0.393939 0.000000 -0.636364
v 0.393939 0.000000 -0.696970
v 0.393939 0.000000 -0.757576
v 0.393939 0.000000 -0.818182
v 0.393939 0.000000 -0.878788
v 0.393939 0.000000 -0.939394
v 0.454545 0.000000 0.939394
v 0.454545 0.000000 0.878788
v 0.454545 0.000000 0.818182
v 0.454545 0.000000 0.757576
v 0.454545 0.000000 0.696970
v 0.454545 0.000000 0.636364
v 0.454545 0.000000 0.575758
v 0.454545 0.000000 0.515152
v 0.454545 0.000000 0.454545
v 0.454545 0.000000 0.393939
v 0.454545 0.000000 0.333333
v 0.454545 0.000000 0.272727
v 0.454545 0.000000 0.212121
v 0.454545 0.000000 0.151515
v 0.454545 0.000000 0.090909
v 0.454545 0.000000 0.030303
v 0.454545 0.000000 -0.030303
v 0.454545 0.000000 -0.090909
v 0.454545 0.000000 -0.151515
v 0.454545 0.000000 -0.212121
v 0.454545 0.000000 -0.272727
v 0.454545 0.000000 -0.333333
v 0.454545 0.000000 -0.393939
v 0.454545 0.000000 -0.454545
v 0.454545 0.000000 -0.515152
v 0.454545 0.000000 -0.575758
v 0.454545 0.000000 -0.636364
v 0.454545 0.000000 -0.696970
v 0.454545 0.000000 -0.757576
v 0.454545 0.000000 -0.818182
v 0.454545 0.000000 -0.878788
v 0.454545 0.000000 -0.939394
v 0.515152 0.000000 0.939394
v 0.515152 0.000000 0.878788
v 0.515152 0.000000 0.818182
v 0.515152 0.000000 0.757576
v 0.515152 0.000000 0.696970
v 0.515152 0.000000 0.636364
v 0.515152 0.000000 0.575758
v 0.515152 0.000000 0.515152
v 0.515152 0.000000 0.454545
v 0.515152 0.000000 0.393939
v 0.515152 0.000000 0.333333
v 0.515152 0.000000 0.272727
v 0.515152 0.000000 0.212121
v 0.515152 0.000000 0.151515
v 0.515152 0.000000 0.090909
v 0.515152 0.000000 0.030303
v 0.515152 0.000000 -0.030303
v 0.515152 0.000000 -0.090909
v 0.515152 0.000000 -0.151515
v 0.515152 0.000000 -0.212121
v 0.515152 0.000000 -0.272727
v 0.515152 0.000000 -0.333333
v 0.515152 0.000000 -0.393939
v 0.515152 0.000000 -0.454545
v 0.515152 0.000000 -0.515152
v 0.515152 0.000000 -0.575758
v 0.515152 0.000000 -0.636364
v 0.515152 0.000000 -0.696970
v 0.515152 0.000000 -0.757576
v 0.515152 0.000000 -0.818182
v 0.515152 0.000000 -0.878788
v 0.515152 0.000000 -0.939394
v 0.575758 0.000000 0.939394
v 0.575758 0.000000 0.878788
v 0.575758 0.000000 0.818182
v 0.575758 0.000000 0.757576
v 0.575758 0.000000 0.696970
v 0.575758 0.000000 0.636364
v 0.575758 0.000000 0.575758
v 0.575758 0.000000 0.515152
v 0.575758 0.000000 0.454545
v 0.575758 0.000000 0.393939
v 0.575758 0.000000 0.333333
v 0.575758 0.000000 0.272727
v 0.575758 0.000000 0.212121
v 0.575758 0.000000 0.151515
v 0.575758 0.000000 0.090909
v 0.575758 0.000000 0.030303
v 0.575758 0.000000 -0.030303
v 0.575758 0.000000 -0.090909
v 0.575758 0.000000 -0.151515
v 0.575758 0.000000 -0.212121
v 0.575758 0.000000 -0.272727
v 0.575758 0.000000 -0.333333
v 0.575758 0.000000 -0.393939
v 0.575758 0.000000 -0.454545
v 0.575758 0.000000 -0.515152
v 0.575758 0.000000 -0.575758
v 0.575758 0.000000 -0.636364
v 0.575758 0.000000 -0.696970
v 0.575758 0.000000 -0.757576
v 0.575758 0.000000 -0.818182
v 0.575758 0.000000 -0.878788
v 0.575758 0.000000 -0.939394
v 0.636364 0.000000 0.939394
v 0.636364 0.000000 0.878788
v 0.636364 0.000000 0.818182
v 0.636364 0.000000 0.757576
v 0.636364 0.000000 0.696970
v 0.636364 0.000000 0.636364
v 0.636364 0.000000 0.575758
v 0.636364 0.000000 0.515152
v 0.636364 0.000000 0.454545
v 0.636364 0.000000 0.393939
v 0.636364 0.000000 0.333333
v 0.636364 0.000000 0.272727
v 0.636364 0.000000 0.212121
v 0.636364 0.000000 0.151515
v 0.636364 0.000000 0.090909
v 0.636364 0.000000 0.030303
v 0.636364 0.000000 -0.030303
v 0.636364 0.000000 -0.090909
v 0.636364 0.000000 -0.151515
v 0.636364 0.000000 -0.212121
v 0.636364 0.000000 -0.272727
v 0.636364 0.000000 -0.333333
v 0.636364 0.000000 -0.393939
v 0.636364 0.000000 -0.454545
v 0.636364 0.000000 -0.515152
v 0.636364 0.000000 -0.575758
v 0.636364 0.000000 -0.636364
v 0.636364 0.000000 -0.696970
v 0.636364 0.000000 -0.757576
v 0.636364 0.000000 -0.818182
v 0.636364 0.000000 -0.878788
v 0.636364 0.000000 -0.939394
v 0.696970 0.000000 0.939394
v 0.696970 0.000000 0.878788
v 0.696970 0.000000 0.818182
v 0.696970 0.000000 0.757576
v 0.696970 0.000000 0.696970
v 0.696970 0.000000 0.636364
v 0.696970 0.000000 0.575758
v 0.696970 0.000000 0.515152
v 0.696970 0.000000 0.454545
v 0.696970 0.000000 0.393939
v 0.696970 0.000000 0.333333
v 0.696970 0.000000 0.272727
v 0.696970 0.000000 0.212121
v 0.696970 0.000000 0.151515
v 0.696970 0.000000 0.090909
v 0.696970 0.000000 0.030303
v 0.696970 0.000000 -0.030303
v 0.696970 0.000000 -0.090909
v 0.696970 0.000000 -0.151515
v 0.696970 0.000000 -0.212121
v 0.696970 0.000000 -0.272727
v 0.696970 0.000000 -0.333333
v 0.696970 0.000000 -0.393939
v 0.696970 0.000000 -0.454545
v 0.696970 0.000000 -0.515152
v 0.696970 0.000000 -0.575758
v 0.696970 0.000000 -0.636364
v 0.696970 0.000000 -0.696970
v 0.696970 0.000000 -0.757576
v 0.696970 0.000000 -0.818182
v 0.696970 0.000000 -0.878788
v 0.696970 0.000000 -0.939394
v 0.757576 0.000000 0.939394
v 0.757576 0.000000 0.878788
v 0.757576 0.000000 0.818182
v 0.757576 0.000000 0.757576
v 0.757576 0.000000 0.696970
v 0.757576 0.000000 0.636364
v 0.757576 0.000000 0.575758
v 0.757576 0.000000 0.515152
v 0.757576 0.000000 0.454545
v 0.757576 0.000000 0.393939
v 0.757576 0.000000 0.333333
v 0.757576 0.000000 0.272727
v 0.757576 0.000000 0.212121
v 0.757576 0.000000 0.151515
v 0.757576 0.000000 0.090909
v 0.757576 0.000000 0.030303
v 0.757576 0.000000 -0.030303
v 0.757576 0.000000 -0.090909
v 0.757576 0.000000 -0.151515
v 0.757576 0.000000 -0.212121
v 0.757576 0.000000 -0.272727
v 0.757576 0.000000 -0.333333
v 0.757576 0.000000 -0.393939
v 0.757576 0.000000 -0.454545
v 0.757576 0.000000 -0.515152
v 0.757576 0.000000 -0.575758
v 0.757576 0.000000 -0.636364
v 0.757576 0.000000 -0.696970
v 0.757576 0.000000 -0.757576
v 0.757576 0.000000 -0.818182
v 0.757576 0.000000 -0.878788
v 0.757576 0.000000 -0.939394
v 0.818182 0.000000 0.939394
v 0.818182 0.000000 0.878788
v 0.818182 0.000000 0.818182
v 0.818182 0.000000 0.757576
v 0.818182 0.000000 0.696970
v 0.818182 0.000000 0.636364
v 0.818182 0.000000 0.575758
v 0.818182 0.000000 0.515152
v 0.818182 0.000000 0.454545
v 0.818182 0.000000 0.393939
v 0.818182 0.000000 0.333333
v 0.818182 0.000000 0.272727
v 0.818182 0.000000 0.212121
v 0.818182 0.000000 0.151515
v 0.818182 0.000000 0.090909
v 0.818182 0.000000 0.030303
v 0.818182 0.000000 -0.030303
v 0.818182 0.000000 -0.090909
v 0.818182 0.000000 -0.151515
v 0.818182 0.000000 -0.212121
v 0.818182 0.000000 -0.272727
v 0.818182 0.000000 -0.333333
v 0.818182 0.000000 -0.393939
v 0.818182 0.000000 -0.454545
v 0.818182 0.000000 -0.515152
v 0.818182 0.000000 -0.575758
v 0.818182 0.000000 -0.636364
v 0.818182 0.000000 -0.696970
v 0.818182 0.000000 -0.757576
v 0.818182 0.000000 -0.818182
v 0.818182 0.000000 -0.878788
v 0.818182 0.000000 -0.939394
v 0.878788 0.000000 0.939394
v 0.878788 0.000000 0.878788
v 0.878788 0.000000 0.818182
v 0.878788 0.000000 0.757576
v 0.878788 0.000000 0.696970
v 0.878788 0.000000 0.636364
v 0.878788 0.000000 0.575758
v 0.878788 0.000000 0.515152
v 0.878788 0.000000 0.454545
v 0.878788 0.000000 0.393939
v 0.878788 0.000000 0.333333
v 0.878788 0.000000 0.272727
v 0.878788 0.000000 0.212121
v 0.878788 0.000000 0.151515
v 0.878788 0.000000 0.090909
v 0.878788 0.000000 0.030303
v 0.878788 0.000000 -0.030303
v 0.878788 0.000000 -0.090909
v 0.878788 0.000000 -0.151515
v 0.878788 0.000000 -0.212121
v 0.878788 0.000000 -0.272727
v 0.878788 0.000000 -0.333333
v 0.878788 0.000000 -0.393939
v 0.878788 0.000000 -0.454545
v 0.878788 0.000000 -0.515152
v 0.878788 0.000000 -0.575758
v 0.878788 0.000000 -0.636364
v 0.878788 0.000000 -0.696970
v 0.878788 0.000000 -0.757576
v 0.878788 0.000000 -0.818182
v 0.878788 0.000000 -0.878788
v 0.878788 0.000000 -0.939394
v 0.939394 0.000000 0.939394
v 0.939394 0.000000 0.878788
v 0.939394 0.000000 0.818182
v 0.939394 0.000000 0.757576
v 0.939394 0.000000 0.696970
v 0.939394 0.000000 0.636364
v 0.939394 0.000000 0.575758
v 0.939394 0.000000 0.515152
v 0.939394 0.000000 0.454545
v 0.939394 0.000000 0.393939
v 0.939394 0.000000 0.333333
v 0.939394 0.000000 0.272727
v 0.939394 0.000000 0.212121
v 0.939394 0.000000 0.151515
v 0.939394 0.000000 0.090909
v 0.939394 0.000000 0.030303
v 0.939394 0.000000 -0.030303
v 0.939394 0.000000 -0.090909
v 0.939394 0.000000 -0.151515
v 0.939394 0.000000 -0.212121
v 0.939394 0.000000 -0.272727
v 0.939394 0.000000 -0.333333
v 0.939394 0.000000 -0.393939
v 0.939394 0.000000 -0.454545
v 0.939394 0.000000 -0.515152
v 0.939394 0.000000 -0.575758
v 0.939394 0.000000 -0.636364
v 0.939394 0.000000 -0.696970
v 0.939394 0.000000 -0.757576
v 0.939394 0.000000 -0.818182
v 0.939394 0.000000 -0.878788
v 0.939394 0.000000 -0.939394
vn -0.0000 1.0000 -0.0000
vt 1.000000 0.969697
vt 0.969697 1.000000
vt 0.969697 0.969697
vt 0.030303 0.969697
vt 0.000000 1.000000
vt 0.000000 0.969697
vt 0.060606 0.969697
vt 0.030303 1.000000
vt 0.090909 0.969697
vt 0.060606 1.000000
vt 0.121212 0.969697
vt 0.090909 1.000000
vt 0.151515 0.969697
vt 0.121212 1.000000
vt 0.181818 0.969697
vt 0.151515 1.000000
vt 0.212121 0.969697
vt 0.181818 1.000000
vt 0.242424 0.969697
vt 0.212121 1.000000
vt 0.272727 0.969697
vt 0.242424 1.000000
vt 0.303030 1.000000
vt 0.272727 1.000000
vt 0.303030 0.969697
vt 0.333333 1.000000
vt 0.333333 0.969697
vt 0.363636 1.000000
vt 0.363636 0.969697
vt 0.393939 1.000000
vt 0.393939 0.969697
vt 0.424242 1.000000
vt 0.454545 0.969697
vt 0.424242 0.969697
vt 0.484848 0.969697
vt 0.454545 1.000000
vt 0.515152 0.969697
vt 0.484848 1.000000
vt 0.545455 0.969697
vt 0.515152 1.000000
vt 0.575758 0.969697
vt 0.545455 1.000000
vt 0.606061 0.969697
vt 0.575758 1.000000
vt 0.636364 0.969697
vt 0.606061 1.000000
vt 0.666667 0.969697
vt 0.636364 1.000000
vt 0.696970 0.969697
vt 0.666667 1.000000
vt 0.727273 0.969697
vt 0.696970 1.000000
vt 0.757576 0.969697
vt 0.727273 1.000000
vt 0.787879 0.969697
vt 0.757576 1.000000
vt 0.818182 0.969697
vt 0.787879 1.000000
vt 0.848485 0.969697
vt 0.818182 1.000000
vt 0.878788 0.969697
vt 0.848485 1.000000
vt 0.909091 0.969697
vt 0.878788 1.000000
vt 0.939394 0.969697
vt 0.909091 1.000000
vt 0.939394 1.000000
vt 0.030303 0.000000
vt 0.000000 0.030303
vt 0.000000 0.000000
vt 0.030303 0.030303
vt 0.000000 0.060606
vt 0.030303 0.060606
vt 0.000000 0.090909
vt 0.030303 0.090909
vt 0.000000 0.121212
vt 0.030303 0.121212
vt 0.000000 0.151515
vt 0.030303 0.151515
vt 0.000000 0.181818
vt 0.030303 0.181818
vt 0.000000 0.212121
vt 0.030303 0.212121
vt 0.000000 0.242424
vt 0.030303 0.242424
vt 0.000000 0.272727
vt 0.030303 0.272727
vt 0.000000 0.303030
vt 0.030303 0.303030
vt 0.000000 0.333333
vt 0.030303 0.333333
vt 0.000000 0.363636
vt 0.030303 0.363636
vt 0.000000 0.393939
vt 0.030303 0.393939
vt 0.000000 0.424242
vt 0.030303 0.424242
vt 0.000000 0.454545
vt 0.030303 0.454545
vt 0.000000 0.484848
vt 0.030303 0.484848
vt 0.000000 0.515152
vt 0.030303 0.515152
vt 0.000000 0.545455
vt 0.030303 0.545455
vt 0.000000 0.575758
vt 0.030303 0.575758
vt 0.000000 0.606061
vt 0.030303 0.606061
vt 0.000000 0.636364
vt 0.030303 0.636364
vt 0.000000 0.666667
vt 0.030303 0.666667
vt 0.000000 0.696970
vt 0.030303 0.696970
vt 0.000000 0.727273
vt 0.030303 0.727273
vt 0.000000 0.757576
vt 0.030303 0.757576
vt 0.000000 0.787879
vt 0.030303 0.787879
vt 0.000000 0.818182
vt 0.030303 0.818182
vt 0.000000 0.848485
vt 0.030303 0.848485
vt 0.000000 0.878788
vt 0.030303 0.878788
vt 0.000000 0.909091
vt 0.030303 0.909091
vt 0.000000 0.939394
vt 0.030303 0.939394
vt 0.060606 0.000000
vt 0.060606 0.030303
vt 0.060606 0.060606
vt 0.060606 0.090909
vt 0.060606 0.121212
vt 0.060606 0.151515
vt 0.060606 0.181818
vt 0.060606 0.212121
vt 0.060606 0.242424
vt 0.060606 0.272727
vt 0.060606 0.303030
vt 0.060606 0.333333
vt 0.060606 0.363636
vt 0.060606 0.393939
vt 0.060606 0.424242
vt 0.060606 0.454545
vt 0.060606 0.484848
vt 0.060606 0.515152
vt 0.060606 0.545455
vt 0.060606 0.575758
vt 0.060606 0.606061
vt 0.060606 0.636364
vt 0.060606 0.666667
vt 0.060606 0.696970
vt 0.060606 0.727273
vt 0.060606 0.757576
vt 0.060606 0.787879
vt 0.060606 0.818182
vt 0.060606 0.848485
vt 0.060606 0.878788
vt 0.060606 0.909091
vt 0.060606 0.939394
vt 0.090909 0.000000
vt 0.090909 0.030303
vt 0.090909 0.060606
vt 0.090909 0.090909
vt 0.090909 0.121212
vt 0.090909 0.151515
vt 0.090909 0.181818
vt 0.090909 0.212121
vt 0.090909 0.242424
vt 0.090909 0.272727
vt 0.090909 0.303030
vt 0.090909 0.333333
vt 0.090909 0.363636
vt 0.090909 0.393939
vt 0.090909 0.424242
vt 0.090909 0.454545
vt 0.090909 0.484848
vt 0.090909 0.515152
vt 0.090909 0.545455
vt 0.090909 0.575758
vt 0.090909 0.606061
vt 0.090909 0.636364
vt 0.090909 0.666667
vt 0.090909 0.696970
vt 0.090909 0.727273
vt 0.090909 0.757576
vt 0.090909 0.787879
vt 0.090909 0.818182
vt 0.090909 0.848485
vt 0.090909 0.878788
vt 0.090909 0.909091
vt 0.090909 0.939394
vt 0.121212 0.000000
vt 0.121212 0.030303
vt 0.121212 0.060606
vt 0.121212 0.090909
vt 0.121212 0.121212
vt 0.121212 0.151515
vt 0.121212 0.181818
vt 0.121212 0.212121
vt 0.121212 0.242424
vt 0.121212 0.272727
vt 0.121212 0.303030
vt 0.121212 0.333333
vt 0.121212 0.363636
vt 0.121212 0.393939
vt 0.121212 0.424242
vt 0.121212 0.454545
vt 0.121212 0.484848
vt 0.121212 0.515152
vt 0.121212 0.545455
vt 0.121212 0.575758
vt 0.121212 0.606061
vt 0.121212 0.636364
vt 0.121212 0.666667
vt 0.121212 0.696970
vt 0.121212 0.727273
vt 0.121212 0.757576
vt 0.121212 0.787879
vt 0.121212 0.818182
vt 0.121212 0.848485
vt 0.121212 0.878788
vt 0.121212 0.909091
vt 0.121212 0.939394
vt 0.151515 0.000000
vt 0.151515 0.030303
vt 0.151515 0.060606
vt 0.151515 0.090909
vt 0.151515 0.121212
vt 0.151515 0.151515
vt 0.151515 0.181818
vt 0.151515 0.212121
vt 0.151515 0.242424
vt 0.151515 0.272727
vt 0.151515 0.303030
vt 0.151515 0.333333
vt 0.151515 0.363636
vt 0.151515 0.393939
vt 0.151515 0.424242
vt 0.151515 0.454545
vt 0.151515 0.484848
vt 0.151515 0.515152
vt 0.151515 0.545455
vt 0.151515 0.575758
vt 0.151515 0.606061
vt 0.151515 0.636364
vt 0.151515 0.666667
vt 0.151515 0.696970
vt 0.151515 0.727273
vt 0.151515 0.757576
vt 0.151515 0.787879
vt 0.151515 0.818182
vt 0.151515 0.848485
vt 0.151515 0.878788
vt 0.151515 0.909091
vt 0.151515 0.939394
vt 0.181818 0.000000
vt 0.181818 0.030303
vt 0.181818 0.060606
vt 0.181818 0.090909
vt 0.181818 0.121212
vt 0.181818 0.151515
vt 0.181818 0.181818
vt 0.181818 0.212121
vt 0.181818 0.242424
vt 0.181818 0.272727
vt 0.181818 0.303030
vt 0.181818 0.333333
vt 0.181818 0.363636
vt 0.181818 0.393939
vt 0.181818 0.424242
vt 0.181818 0.454545
vt 0.181818 0.484848
vt 0.181818 0.515152
vt 0.181818 0.545455
vt 0.181818 0.575758
vt 0.181818 0.606061
vt 0.181818 0.636364
vt 0.181818 0.666667
vt 0.181818 0.696970
vt 0.181818 0.727273
vt 0.181818 0.757576
vt 0.181818 0.787879
vt 0.181818 0.818182
vt 0.181818 0.848485
vt 0.181818 0.878788
vt 0.181818 0.909091
vt 0.181818 0.939394
vt 0.212121 0.000000
vt 0.212121 0.030303
vt 0.212121 0.060606
vt 0.212121 0.090909
vt 0.212121 0.121212
vt 0.212121 0.151515
vt 0.212121 0.181818
vt 0.212121 0.212121
vt 0.212121 0.242424
vt 0.212121 0.272727
vt 0.212121 0.303030
vt 0.212121 0.333333
vt 0.212121 0.363636
vt 0.212121 0.393939
vt 0.212121 0.424242
vt 0.212121 0.454545
vt 0.212121 0.484848
vt 0.212121 0.515152
vt 0.212121 0.545455
vt 0.212121 0.575758
vt 0.212121 0.606061
vt 0.212121 0.636364
vt 0.212121 0.666667
vt 0.212121 0.696970
vt 0.212121 0.727273
vt 0.212121 0.757576
vt 0.212121 0.787879
vt 0.212121 0.818182
vt 0.212121 0.848485
vt 0.212121 0.878788
vt 0.212121 0.909091
vt 0.212121 0.939394
vt 0.242424 0.000000
vt 0.242424 0.030303
vt 0.242424 0.060606
vt 0.242424 0.090909
vt 0.242424 0.121212
vt 0.242424 0.151515
vt 0.242424 0.181818
vt 0.242424 0.212121
vt 0.242424 0.242424
vt 0.242424 0.272727
vt 0.242424 0.303030
vt 0.242424 0.333333
vt 0.242424 0.363636
vt 0.242424 0.393939
vt 0.242424 0.424242
vt 0.242424 0.454545
vt 0.242424 0.484848
vt 0.242424 0.515152
vt 0.242424 0.545455
vt 0.242424 0.575758
vt 0.242424 0.606061
vt 0.242424 0.636364
vt 0.242424 0.666667
vt 0.242424 0.696970
vt 0.242424 0.727273
vt 0.242424 0.757576
vt 0.242424 0.787879
vt 0.242424 0.818182
vt 0.242424 0.848485
vt 0.242424 0.878788
vt 0.242424 0.909091
vt 0.242424 0.939394
vt 0.272727 0.000000
vt 0.272727 0.030303
vt 0.272727 0.060606
vt 0.272727 0.090909
vt 0.272727 0.121212
vt 0.272727 0.151515
vt 0.272727 0.181818
vt 0.272727 0.212121
vt 0.272727 0.242424
vt 0.272727 0.272727
vt 0.272727 0.303030
vt 0.272727 0.333333
vt 0.272727 0.363636
vt 0.272727 0.393939
vt 0.272727 0.424242
vt 0.272727 0.454545
vt 0.272727 0.484848
vt 0.272727 0.515152
vt 0.272727 0.545455
vt 0.272727 0.575758
vt 0.272727 0.606061
vt 0.272727 0.636364
vt 0.272727 0.666667
vt 0.272727 0.696970
vt 0.272727 0.727273
vt 0.272727 0.757576
vt 0.272727 0.787879
vt 0.272727 0.818182
vt 0.272727 0.848485
vt 0.272727 0.878788
vt 0.272727 0.909091
vt 0.272727 0.939394
vt 0.303030 0.000000
vt 0.303030 0.030303
vt 0.303030 0.060606
vt 0.303030 0.090909
vt 0.303030 0.121212
vt 0.303030 0.151515
vt 0.303030 0.181818
vt 0.303030 0.212121
vt 0.303030 0.242424
vt 0.303030 0.272727
vt 0.303030 0.303030
vt 0.303030 0.333333
vt 0.303030 0.363636
vt 0.303030 0.393939
vt 0.303030 0.424242
vt 0.303030 0.454545
vt 0.303030 0.484848
vt 0.303030 0.515152
vt 0.303030 0.545455
vt 0.303030 0.575758
vt 0.303030 0.606061
vt 0.303030 0.636364
vt 0.303030 0.666667
vt 0.303030 0.696970
vt 0.303030 0.727273
vt 0.303030 0.757576
vt 0.303030 0.787879
vt 0.303030 0.818182
vt 0.303030 0.848485
vt 0.303030 0.878788
vt 0.303030 0.909091
vt 0.303030 0.939394
vt 0.333333 0.000000
vt 0.333333 0.030303
vt 0.333333 0.060606
vt 0.333333 0.090909
vt 0.333333 0.121212
vt 0.333333 0.151515
vt 0.333333 0.181818
vt 0.333333 0.212121
vt 0.333333 0.242424
vt 0.333333 0.272727
vt 0.333333 0.303030
vt 0.333333 0.333333
vt 0.333333 0.363636
vt 0.333333 0.393939
vt 0.333333 0.424242
vt 0.333333 0.454545
vt 0.333333 0.484848
vt 0.333333 0.515152
vt 0.333333 0.545455
vt 0.333333 0.575758
vt 0.333333 0.606061
vt 0.333333 0.636364
vt 0.333333 0.666667
vt 0.333333 0.696970
vt 0.333333 0.727273
vt 0.333333 0.757576
vt 0.333333 0.787879
vt 0.333333 0.818182
vt 0.333333 0.848485
vt 0.333333 0.878788
vt 0.333333 0.909091
vt 0.333333 0.939394
vt 0.363636 0.000000
vt 0.363636 0.030303
vt 0.363636 0.060606
vt 0.363636 0.090909
vt 0.363636 0.121212
vt 0.363636 0.151515
vt 0.363636 0.181818
vt 0.363636 0.212121
vt 0.363636 0.242424
vt 0.363636 0.272727
vt 0.363636 0.303030
vt 0.363636 0.333333
vt 0.363636 0.363636
vt 0.363636 0.393939
vt 0.363636 0.424242
vt 0.363636 0.454545
vt 0.363636 0.484848
vt 0.363636 0.515152
vt 0.363636 0.545455
vt 0.363636 0.575758
vt 0.363636 0.606061
vt 0.363636 0.636364
vt 0.363636 0.666667
vt 0.363636 0.696970
vt 0.363636 0.727273
vt 0.363636 0.757576
vt 0.363636 0.787879
vt 0.363636 0.818182
vt 0.363636 0.848485
vt 0.363636 0.878788
vt 0.363636 0.909091
vt 0.363636 0.939394
vt 0.393939 0.000000
vt 0.393939 0.030303
vt 0.393939 0.060606
vt 0.393939 0.090909
vt 0.393939 0.121212
vt 0.393939 0.151515
vt 0.393939 0.181818
vt 0.393939 0.212121
vt 0.393939 0.242424
vt 0.393939 0.272727
vt 0.393939 0.303030
vt 0.393939 0.333333
vt 0.393939 0.363636
vt 0.393939 0.393939
vt 0.393939 0.424242
vt 0.393939 0.454545
vt 0.393939 0.484848
vt 0.393939 0.515152
vt 0.393939 0.545455
vt 0.393939 0.575758
vt 0.393939 0.606061
vt 0.393939 0.636364
vt 0.393939 0.666667
vt 0.393939 0.696970
vt 0.393939 0.727273
vt 0.393939 0.757576
vt 0.393939 0.787879
vt 0.393939 0.818182
vt 0.393939 0.848485
vt 0.393939 0.878788
vt 0.393939 0.909091
vt 0.393939 0.939394
vt 0.424242 0.000000
vt 0.424242 0.030303
vt 0.424242 0.060606
vt 0.424242 0.090909
vt 0.424242 0.121212
vt 0.424242 0.151515
vt 0.424242 0.181818
vt 0.424242 0.212121
vt 0.424242 0.242424
vt 0.424242 0.272727
vt 0.424242 0.303030
vt 0.424242 0.333333
vt 0.424242 0.363636
vt 0.424242 0.393939
vt 0.424242 0.424242
vt 0.424242 0.454545
vt 0.424242 0.484848
vt 0.424242 0.515152
vt 0.424242 0.545455
vt 0.424242 0.575758
vt 0.424242 0.606061
vt 0.424242 0.636364
vt 0.424242 0.666667
vt 0.424242 0.696970
vt 0.424242 0.727273
vt 0.424242 0.757576
vt 0.424242 0.787879
vt 0.424242 0.818182
vt 0.424242 0.878788
vt 0.424242 0.909091
vt 0.424242 0.939394
vt 0.454545 0.000000
vt 0.454545 0.030303
vt 0.454545 0.060606
vt 0.454545 0.090909
vt 0.454545 0.121212
vt 0.454545 0.151515
vt 0.454545 0.181818
vt 0.454545 0.212121
vt 0.454545 0.242424
vt 0.454545 0.272727
vt 0.454545 0.303030
vt 0.454545 0.333333
vt 0.454545 0.363636
vt 0.454545 0.393939
vt 0.454545 0.424242
vt 0.454545 0.454545
vt 0.454545 0.484848
vt 0.454545 0.515152
vt 0.454545 0.545455
vt 0.454545 0.575758
vt 0.454545 0.606061
vt 0.454545 0.636364
vt 0.454545 0.666667
vt 0.454545 0.696970
vt 0.454545 0.727273
vt 0.454545 0.757576
vt 0.454545 0.787879
vt 0.454545 0.818182
vt 0.424242 0.848485
vt 0.454545 0.848485
vt 0.454545 0.878788
vt 0.454545 0.909091
vt 0.454545 0.939394
vt 0.484848 0.000000
vt 0.484848 0.030303
vt 0.484848 0.060606
vt 0.484848 0.090909
vt 0.484848 0.121212
vt 0.484848 0.151515
vt 0.484848 0.181818
vt 0.484848 0.212121
vt 0.484848 0.242424
vt 0.484848 0.272727
vt 0.484848 0.303030
vt 0.484848 0.333333
vt 0.484848 0.363636
vt 0.484848 0.393939
vt 0.484848 0.424242
vt 0.484848 0.454545
vt 0.484848 0.484848
vt 0.484848 0.515152
vt 0.484848 0.575758
vt 0.484848 0.606061
vt 0.484848 0.636364
vt 0.484848 0.696970
vt 0.484848 0.727273
vt 0.484848 0.757576
vt 0.484848 0.787879
vt 0.484848 0.818182
vt 0.484848 0.848485
vt 0.484848 0.878788
vt 0.484848 0.909091
vt 0.515152 0.000000
vt 0.515152 0.030303
vt 0.515152 0.060606
vt 0.515152 0.090909
vt 0.515152 0.121212
vt 0.515152 0.151515
vt 0.515152 0.181818
vt 0.515152 0.212121
vt 0.515152 0.242424
vt 0.515152 0.272727
vt 0.515152 0.303030
vt 0.515152 0.333333
vt 0.515152 0.363636
vt 0.515152 0.393939
vt 0.515152 0.424242
vt 0.515152 0.454545
vt 0.515152 0.484848
vt 0.515152 0.515152
vt 0.484848 0.545455
vt 0.515152 0.545455
vt 0.515152 0.575758
vt 0.515152 0.606061
vt 0.515152 0.636364
vt 0.484848 0.666667
vt 0.515152 0.666667
vt 0.515152 0.696970
vt 0.515152 0.727273
vt 0.515152 0.757576
vt 0.515152 0.787879
vt 0.515152 0.818182
vt 0.515152 0.848485
vt 0.515152 0.878788
vt 0.515152 0.909091
vt 0.484848 0.939394
vt 0.515152 0.939394
vt 0.545455 0.000000
vt 0.545455 0.030303
vt 0.545455 0.060606
vt 0.545455 0.090909
vt 0.545454 0.121212
vt 0.545454 0.151515
vt 0.545454 0.181818
vt 0.545455 0.212121
vt 0.545454 0.272727
vt 0.545454 0.303030
vt 0.545455 0.333333
vt 0.545455 0.363636
vt 0.545455 0.393939
vt 0.545454 0.424242
vt 0.545455 0.454545
vt 0.545455 0.484848
vt 0.545455 0.515152
vt 0.545455 0.545455
vt 0.545455 0.575758
vt 0.545455 0.606061
vt 0.545455 0.636364
vt 0.545455 0.666667
vt 0.545455 0.696970
vt 0.545455 0.727273
vt 0.545455 0.757576
vt 0.545455 0.818182
vt 0.545455 0.848485
vt 0.545455 0.878788
vt 0.545455 0.909091
vt 0.545455 0.939394
vt 0.575758 0.000000
vt 0.575758 0.030303
vt 0.575758 0.060606
vt 0.575758 0.090909
vt 0.575758 0.121212
vt 0.575758 0.151515
vt 0.575758 0.181818
vt 0.575758 0.212121
vt 0.545455 0.242424
vt 0.575758 0.242424
vt 0.575757 0.272727
vt 0.575757 0.303030
vt 0.575757 0.333333
vt 0.575757 0.363636
vt 0.575757 0.393939
vt 0.575757 0.424242
vt 0.575757 0.454545
vt 0.575757 0.484848
vt 0.575757 0.515152
vt 0.575758 0.545455
vt 0.575758 0.575758
vt 0.575758 0.606061
vt 0.575758 0.636364
vt 0.575758 0.666667
vt 0.575758 0.727273
vt 0.575758 0.757576
vt 0.545455 0.787879
vt 0.575758 0.787879
vt 0.575758 0.848485
vt 0.575758 0.878788
vt 0.575758 0.939394
vt 0.606061 0.000000
vt 0.606061 0.030303
vt 0.606061 0.060606
vt 0.606061 0.090909
vt 0.606061 0.121212
vt 0.606061 0.151515
vt 0.606061 0.181818
vt 0.606061 0.212121
vt 0.606061 0.242424
vt 0.606061 0.272727
vt 0.606061 0.303030
vt 0.606061 0.333333
vt 0.606061 0.363636
vt 0.606061 0.393939
vt 0.606061 0.424242
vt 0.606061 0.454545
vt 0.606060 0.484848
vt 0.606060 0.515152
vt 0.606061 0.545455
vt 0.606061 0.575758
vt 0.606060 0.606061
vt 0.606061 0.636364
vt 0.606061 0.666667
vt 0.575758 0.696970
vt 0.606061 0.696970
vt 0.606061 0.727273
vt 0.606061 0.757576
vt 0.606061 0.787879
vt 0.575758 0.818182
vt 0.606061 0.848485
vt 0.606061 0.878788
vt 0.575758 0.909091
vt 0.606061 0.939394
vt 0.636364 0.000000
vt 0.636364 0.030303
vt 0.636364 0.060606
vt 0.636364 0.090909
vt 0.636364 0.121212
vt 0.636364 0.151515
vt 0.636364 0.181818
vt 0.636364 0.212121
vt 0.636364 0.242424
vt 0.636364 0.272727
vt 0.636364 0.303030
vt 0.636364 0.333333
vt 0.636364 0.363636
vt 0.636364 0.393939
vt 0.636364 0.424242
vt 0.636364 0.454545
vt 0.636364 0.484848
vt 0.636364 0.515152
vt 0.636364 0.545455
vt 0.636364 0.575758
vt 0.636364 0.606061
vt 0.636364 0.636364
vt 0.636364 0.666667
vt 0.636364 0.696970
vt 0.636364 0.727273
vt 0.636364 0.757576
vt 0.636364 0.787879
vt 0.606061 0.818182
vt 0.636364 0.818182
vt 0.636364 0.848485
vt 0.636364 0.878788
vt 0.606061 0.909091
vt 0.636364 0.939394
vt 0.666667 0.000000
vt 0.666667 0.030303
vt 0.666667 0.060606
vt 0.666667 0.090909
vt 0.666667 0.121212
vt 0.666667 0.151515
vt 0.666667 0.181818
vt 0.666667 0.212121
vt 0.666667 0.242424
vt 0.666667 0.272727
vt 0.666667 0.303030
vt 0.666667 0.333333
vt 0.666667 0.363636
vt 0.666667 0.393939
vt 0.666667 0.424242
vt 0.666667 0.454545
vt 0.666667 0.484848
vt 0.666667 0.515152
vt 0.666667 0.545455
vt 0.666667 0.575758
vt 0.666667 0.606061
vt 0.666667 0.636364
vt 0.666667 0.666667
vt 0.666667 0.696970
vt 0.666667 0.727273
vt 0.666667 0.757576
vt 0.666667 0.787879
vt 0.666667 0.818182
vt 0.666667 0.848485
vt 0.666667 0.878788
vt 0.636364 0.909091
vt 0.666667 0.909091
vt 0.696970 0.000000
vt 0.696970 0.030303
vt 0.696970 0.060606
vt 0.696970 0.090909
vt 0.696970 0.121212
vt 0.696970 0.151515
vt 0.696970 0.181818
vt 0.696970 0.212121
vt 0.696970 0.242424
vt 0.696970 0.272727
vt 0.696970 0.303030
vt 0.696970 0.333333
vt 0.696970 0.363636
vt 0.696970 0.393939
vt 0.696970 0.424242
vt 0.696970 0.454545
vt 0.696970 0.484848
vt 0.696970 0.515152
vt 0.696970 0.545455
vt 0.696970 0.575758
vt 0.696970 0.606061
vt 0.696970 0.636364
vt 0.696970 0.666667
vt 0.696970 0.696970
vt 0.696970 0.727273
vt 0.696970 0.757576
vt 0.696970 0.787879
vt 0.696970 0.818182
vt 0.696970 0.848485
vt 0.696970 0.878788
vt 0.696970 0.909091
vt 0.666667 0.939394
vt 0.727273 0.000000
vt 0.727273 0.030303
vt 0.727273 0.060606
vt 0.727273 0.090909
vt 0.727273 0.121212
vt 0.727273 0.151515
vt 0.727273 0.181818
vt 0.727273 0.212121
vt 0.727273 0.242424
vt 0.727273 0.272727
vt 0.727273 0.303030
vt 0.727273 0.333333
vt 0.727273 0.363636
vt 0.727273 0.393939
vt 0.727273 0.424242
vt 0.727273 0.454545
vt 0.727273 0.484848
vt 0.727273 0.515152
vt 0.727273 0.545455
vt 0.727273 0.575758
vt 0.727273 0.606061
vt 0.727273 0.636364
vt 0.727273 0.666667
vt 0.727273 0.696970
vt 0.727273 0.727273
vt 0.727273 0.757576
vt 0.727273 0.787879
vt 0.727273 0.818182
vt 0.727273 0.848485
vt 0.727273 0.878788
vt 0.727273 0.909091
vt 0.696970 0.939394
vt 0.757576 0.000000
vt 0.757576 0.030303
vt 0.757576 0.060606
vt 0.757576 0.090909
vt 0.757576 0.121212
vt 0.757576 0.151515
vt 0.757576 0.181818
vt 0.757576 0.212121
vt 0.757576 0.242424
vt 0.757576 0.272727
vt 0.757576 0.303030
vt 0.757576 0.333333
vt 0.757576 0.363636
vt 0.757576 0.393939
vt 0.757576 0.424242
vt 0.757576 0.454545
vt 0.757576 0.484848
vt 0.757576 0.515152
vt 0.757576 0.545455
vt 0.757576 0.575758
vt 0.757576 0.606061
vt 0.757576 0.636364
vt 0.757576 0.666667
vt 0.757576 0.696970
vt 0.757576 0.727273
vt 0.757576 0.757576
vt 0.757576 0.787879
vt 0.757576 0.818182
vt 0.757576 0.848485
vt 0.757576 0.878788
vt 0.757576 0.909091
vt 0.727273 0.939394
vt 0.757576 0.939394
vt 0.787879 0.000000
vt 0.787879 0.030303
vt 0.787879 0.060606
vt 0.787879 0.090909
vt 0.787879 0.121212
vt 0.787879 0.151515
vt 0.787879 0.181818
vt 0.787879 0.212121
vt 0.787879 0.242424
vt 0.787879 0.272727
vt 0.787879 0.303030
vt 0.787879 0.333333
vt 0.787879 0.363636
vt 0.787879 0.393939
vt 0.787879 0.424242
vt 0.787879 0.454545
vt 0.787879 0.484848
vt 0.787879 0.515152
vt 0.787879 0.545455
vt 0.787879 0.575758
vt 0.787879 0.606061
vt 0.787879 0.636364
vt 0.787879 0.666667
vt 0.787879 0.696970
vt 0.787879 0.727273
vt 0.787879 0.757576
vt 0.787879 0.787879
vt 0.787879 0.818182
vt 0.787879 0.848485
vt 0.787879 0.878788
vt 0.787879 0.909091
vt 0.787879 0.939394
vt 0.818182 0.000000
vt 0.818182 0.030303
vt 0.818182 0.060606
vt 0.818182 0.090909
vt 0.818182 0.121212
vt 0.818182 0.151515
vt 0.818182 0.181818
vt 0.818182 0.212121
vt 0.818182 0.242424
vt 0.818182 0.272727
vt 0.818182 0.303030
vt 0.818182 0.333333
vt 0.818182 0.363636
vt 0.818182 0.393939
vt 0.818182 0.424242
vt 0.818182 0.454545
vt 0.818182 0.484848
vt 0.818182 0.515152
vt 0.818182 0.545455
vt 0.818182 0.575758
vt 0.818182 0.606061
vt 0.818182 0.636364
vt 0.818182 0.666667
vt 0.818182 0.696970
vt 0.818182 0.727273
vt 0.818182 0.757576
vt 0.818182 0.787879
vt 0.818182 0.818182
vt 0.818182 0.848485
vt 0.818182 0.878788
vt 0.818182 0.909091
vt 0.818182 0.939394
vt 0.848485 0.000000
vt 0.848485 0.030303
vt 0.848485 0.060606
vt 0.848485 0.090909
vt 0.848485 0.121212
vt 0.848485 0.151515
vt 0.848485 0.181818
vt 0.848485 0.212121
vt 0.848485 0.242424
vt 0.848485 0.272727
vt 0.848485 0.303030
vt 0.848485 0.333333
vt 0.848485 0.363636
vt 0.848485 0.393939
vt 0.848485 0.424242
vt 0.848485 0.454545
vt 0.848485 0.484848
vt 0.848485 0.515152
vt 0.848485 0.545455
vt 0.848485 0.575758
vt 0.848485 0.606061
vt 0.848485 0.636364
vt 0.848485 0.666667
vt 0.848485 0.696970
vt 0.848485 0.727273
vt 0.848485 0.757576
vt 0.848485 0.787879
vt 0.848485 0.818182
vt 0.848485 0.848485
vt 0.848485 0.878788
vt 0.848485 0.909091
vt 0.848485 0.939394
vt 0.878788 0.000000
vt 0.878788 0.030303
vt 0.878788 0.060606
vt 0.878788 0.090909
vt 0.878788 0.121212
vt 0.878788 0.151515
vt 0.878788 0.181818
vt 0.878788 0.212121
vt 0.878788 0.242424
vt 0.878788 0.272727
vt 0.878788 0.303030
vt 0.878788 0.333333
vt 0.878788 0.363636
vt 0.878788 0.393939
vt 0.878788 0.424242
vt 0.878788 0.454545
vt 0.878788 0.484848
vt 0.878788 0.515152
vt 0.878788 0.545455
vt 0.878788 0.575758
vt 0.878788 0.606061
vt 0.878788 0.636364
vt 0.878788 0.666667
vt 0.878788 0.696970
vt 0.878788 0.727273
vt 0.878788 0.757576
vt 0.878788 0.787879
vt 0.878788 0.818182
vt 0.878788 0.848485
vt 0.878788 0.878788
vt 0.878788 0.909091
vt 0.878788 0.939394
vt 0.909091 0.000000
vt 0.909091 0.030303
vt 0.909091 0.060606
vt 0.909091 0.090909
vt 0.909091 0.121212
vt 0.909091 0.151515
vt 0.909091 0.181818
vt 0.909091 0.212121
vt 0.909091 0.242424
vt 0.909091 0.272727
vt 0.909091 0.303030
vt 0.909091 0.333333
vt 0.909091 0.363636
vt 0.909091 0.393939
vt 0.909091 0.424242
vt 0.909091 0.454545
vt 0.909091 0.484848
vt 0.909091 0.515152
vt 0.909091 0.545455
vt 0.909091 0.575758
vt 0.909091 0.606061
vt 0.909091 0.636364
vt 0.909091 0.666667
vt 0.909091 0.696970
vt 0.909091 0.727273
vt 0.909091 0.757576
vt 0.909091 0.787879
vt 0.909091 0.818182
vt 0.909091 0.848485
vt 0.909091 0.878788
vt 0.909091 0.909091
vt 0.909091 0.939394
vt 0.939394 0.000000
vt 0.939394 0.030303
vt 0.939394 0.060606
vt 0.939394 0.090909
vt 0.939394 0.121212
vt 0.939394 0.151515
vt 0.939394 0.181818
vt 0.939394 0.212121
vt 0.939394 0.242424
vt 0.939394 0.272727
vt 0.939394 0.303030
vt 0.939394 0.333333
vt 0.939394 0.363636
vt 0.939394 0.393939
vt 0.939394 0.424242
vt 0.939394 0.454545
vt 0.939394 0.484848
vt 0.939394 0.515152
vt 0.939394 0.545455
vt 0.939394 0.575758
vt 0.939394 0.606061
vt 0.939394 0.636364
vt 0.939394 0.666667
vt 0.939394 0.696970
vt 0.939394 0.727273
vt 0.939394 0.757576
vt 0.939394 0.787879
vt 0.939394 0.818182
vt 0.939394 0.848485
vt 0.939394 0.878788
vt 0.939394 0.909091
vt 0.939394 0.939394
vt 0.969697 0.000000
vt 0.969697 0.030303
vt 0.969697 0.060606
vt 0.969697 0.090909
vt 0.969697 0.121212
vt 0.969697 0.151515
vt 0.969697 0.181818
vt 0.969697 0.212121
vt 0.969697 0.242424
vt 0.969697 0.272727
vt 0.969697 0.303030
vt 0.969697 0.333333
vt 0.969697 0.363636
vt 0.969697 0.393939
vt 0.969697 0.424242
vt 0.969697 0.454545
vt 0.969697 0.484848
vt 0.969697 0.515152
vt 0.969697 0.545455
vt 0.969697 0.575758
vt 0.969697 0.606061
vt 0.969697 0.636364
vt 0.969697 0.666667
vt 0.969697 0.696970
vt 0.969697 0.727273
vt 0.969697 0.757576
vt 0.969697 0.787879
vt 0.969697 0.818182
vt 0.969697 0.848485
vt 0.969697 0.878788
vt 0.969697 0.909091
vt 0.969697 0.939394
vt 1.000000 0.000000
vt 1.000000 0.030303
vt 1.000000 0.060606
vt 1.000000 0.090909
vt 1.000000 0.121212
vt 1.000000 0.151515
vt 1.000000 0.181818
vt 1.000000 0.212121
vt 1.000000 0.242424
vt 1.000000 0.272727
vt 1.000000 0.303030
vt 1.000000 0.333333
vt 1.000000 0.363636
vt 1.000000 0.393939
vt 1.000000 0.424242
vt 1.000000 0.454545
vt 1.000000 0.484848
vt 1.000000 0.515152
vt 1.000000 0.545455
vt 1.000000 0.575758
vt 1.000000 0.606061
vt 1.000000 0.636364
vt 1.000000 0.666667
vt 1.000000 0.696970
vt 1.000000 0.727273
vt 1.000000 0.757576
vt 1.000000 0.787879
vt 1.000000 0.818182
vt 1.000000 0.848485
vt 1.000000 0.878788
vt 1.000000 0.909091
vt 1.000000 0.939394
vt 1.000000 1.000000
s 1
f 100/1/1 101/2/1 1156/3/1
f 164/4/1 3/5/1 5/6/1
f 196/7/1 132/8/1 164/4/1
f 228/9/1 131/10/1 196/7/1
f 260/11/1 130/12/1 228/9/1
f 292/13/1 129/14/1 260/11/1
f 324/15/1 128/16/1 292/13/1
f 356/17/1 127/18/1 324/15/1
f 388/19/1 126/20/1 356/17/1
f 420/21/1 125/22/1 388/19/1
f 420/21/1 123/23/1 124/24/1
f 452/25/1 122/26/1 123/23/1
f 484/27/1 121/28/1 122/26/1
f 516/29/1 120/30/1 121/28/1
f 548/31/1 119/32/1 120/30/1
f 612/33/1 119/32/1 580/34/1
f 644/35/1 118/36/1 612/33/1
f 676/37/1 117/38/1 644/35/1
f 708/39/1 116/40/1 676/37/1
f 740/41/1 115/42/1 708/39/1
f 772/43/1 114/44/1 740/41/1
f 804/45/1 113/46/1 772/43/1
f 836/47/1 112/48/1 804/45/1
f 868/49/1 111/50/1 836/47/1
f 900/51/1 110/52/1 868/49/1
f 932/53/1 109/54/1 900/51/1
f 964/55/1 108/56/1 932/53/1
f 996/57/1 107/58/1 964/55/1
f 1028/59/1 106/60/1 996/57/1
f 1060/61/1 105/62/1 1028/59/1
f 1092/63/1 104/64/1 1060/61/1
f 1124/65/1 103/66/1 1092/63/1
f 1156/3/1 102/67/1 1124/65/1
f 37/68/1 36/69/1 1/70/1
f 133/71/1 35/72/1 36/69/1
f 134/73/1 34/74/1 35/72/1
f 135/75/1 33/76/1 34/74/1
f 136/77/1 32/78/1 33/76/1
f 137/79/1 31/80/1 32/78/1
f 138/81/1 30/82/1 31/80/1
f 139/83/1 29/84/1 30/82/1
f 140/85/1 28/86/1 29/84/1
f 141/87/1 27/88/1 28/86/1
f 142/89/1 26/90/1 27/88/1
f 143/91/1 25/92/1 26/90/1
f 144/93/1 24/94/1 25/92/1
f 145/95/1 23/96/1 24/94/1
f 146/97/1 22/98/1 23/96/1
f 147/99/1 21/100/1 22/98/1
f 148/101/1 20/102/1 21/100/1
f 149/103/1 19/104/1 20/102/1
f 150/105/1 18/106/1 19/104/1
f 151/107/1 17/108/1 18/106/1
f 152/109/1 16/110/1 17/108/1
f 153/111/1 15/112/1 16/110/1
f 154/113/1 14/114/1 15/112/1
f 155/115/1 13/116/1 14/114/1
f 156/117/1 12/118/1 13/116/1
f 157/119/1 11/120/1 12/118/1
f 158/121/1 10/122/1 11/120/1
f 159/123/1 9/124/1 10/122/1
f 160/125/1 8/126/1 9/124/1
f 161/127/1 7/128/1 8/126/1
f 162/129/1 6/130/1 7/128/1
f 163/131/1 5/6/1 6/130/1
f 38/132/1 133/71/1 37/68/1
f 165/133/1 134/73/1 133/71/1
f 166/134/1 135/75/1 134/73/1
f 167/135/1 136/77/1 135/75/1
f 168/136/1 137/79/1 136/77/1
f 169/137/1 138/81/1 137/79/1
f 170/138/1 139/83/1 138/81/1
f 171/139/1 140/85/1 139/83/1
f 172/140/1 141/87/1 140/85/1
f 173/141/1 142/89/1 141/87/1
f 174/142/1 143/91/1 142/89/1
f 175/143/1 144/93/1 143/91/1
f 176/144/1 145/95/1 144/93/1
f 177/145/1 146/97/1 145/95/1
f 178/146/1 147/99/1 146/97/1
f 179/147/1 148/101/1 147/99/1
f 180/148/1 149/103/1 148/101/1
f 181/149/1 150/105/1 149/103/1
f 182/150/1 151/107/1 150/105/1
f 183/151/1 152/109/1 151/107/1
f 184/152/1 153/111/1 152/109/1
f 185/153/1 154/113/1 153/111/1
f 186/154/1 155/115/1 154/113/1
f 187/155/1 156/117/1 155/115/1
f 188/156/1 157/119/1 156/117/1
f 189/157/1 158/121/1 157/119/1
f 190/158/1 159/123/1 158/121/1
f 191/159/1 160/125/1 159/123/1
f 192/160/1 161/127/1 160/125/1
f 193/161/1 162/129/1 161/127/1
f 194/162/1 163/131/1 162/129/1
f 195/163/1 164/4/1 163/131/1
f 39/164/1 165/133/1 38/132/1
f 197/165/1 166/134/1 165/133/1
f 198/166/1 167/135/1 166/134/1
f 199/167/1 168/136/1 167/135/1
f 200/168/1 169/137/1 168/136/1
f 201/169/1 170/138/1 169/137/1
f 202/170/1 171/139/1 170/138/1
f 203/171/1 172/140/1 171/139/1
f 204/172/1 173/141/1 172/140/1
f 205/173/1 174/142/1 173/141/1
f 206/174/1 175/143/1 174/142/1
f 207/175/1 176/144/1 175/143/1
f 208/176/1 177/145/1 176/144/1
f 209/177/1 178/146/1 177/145/1
f 210/178/1 179/147/1 178/146/1
f 211/179/1 180/148/1 179/147/1
f 212/180/1 181/149/1 180/148/1
f 213/181/1 182/150/1 181/149/1
f 214/182/1 183/151/1 182/150/1
f 215/183/1 184/152/1 183/151/1
f 216/184/1 185/153/1 184/152/1
f 217/185/1 186/154/1 185/153/1
f 218/186/1 187/155/1 186/154/1
f 219/187/1 188/156/1 187/155/1
f 220/188/1 189/157/1 188/156/1
f 221/189/1 190/158/1 189/157/1
f 222/190/1 191/159/1 190/158/1
f 223/191/1 192/160/1 191/159/1
f 224/192/1 193/161/1 192/160/1
f 225/193/1 194/162/1 193/161/1
f 226/194/1 195/163/1 194/162/1
f 227/195/1 196/7/1 195/163/1
f 40/196/1 197/165/1 39/164/1
f 229/197/1 198/166/1 197/165/1
f 230/198/1 199/167/1 198/166/1
f 231/199/1 200/168/1 199/167/1
f 232/200/1 201/169/1 200/168/1
f 233/201/1 202/170/1 201/169/1
f 234/202/1 203/171/1 202/170/1
f 235/203/1 204/172/1 203/171/1
f 236/204/1 205/173/1 204/172/1
f 237/205/1 206/174/1 205/173/1
f 238/206/1 207/175/1 206/174/1
f 239/207/1 208/176/1 207/175/1
f 240/208/1 209/177/1 208/176/1
f 241/209/1 210/178/1 209/177/1
f 242/210/1 211/179/1 210/178/1
f 243/211/1 212/180/1 211/179/1
f 244/212/1 213/181/1 212/180/1
f 245/213/1 214/182/1 213/181/1
f 246/214/1 215/183/1 214/182/1
f 247/215/1 216/184/1 215/183/1
f 248/216/1 217/185/1 216/184/1
f 249/217/1 218/186/1 217/185/1
f 250/218/1 219/187/1 218/186/1
f 251/219/1 220/188/1 219/187/1
f 252/220/1 221/189/1 220/188/1
f 253/221/1 222/190/1 221/189/1
f 254/222/1 223/191/1 222/190/1
f 255/223/1 224/192/1 223/191/1
f 256/224/1 225/193/1 224/192/1
f 257/225/1 226/194/1 225/193/1
f 258/226/1 227/195/1 226/194/1
f 259/227/1 228/9/1 227/195/1
f 41/228/1 229/197/1 40/196/1
f 261/229/1 230/198/1 229/197/1
f 262/230/1 231/199/1 230/198/1
f 263/231/1 232/200/1 231/199/1
f 264/232/1 233/201/1 232/200/1
f 265/233/1 234/202/1 233/201/1
f 266/234/1 235/203/1 234/202/1
f 267/235/1 236/204/1 235/203/1
f 268/236/1 237/205/1 236/204/1
f 269/237/1 238/206/1 237/205/1
f 270/238/1 239/207/1 238/206/1
f 271/239/1 240/208/1 239/207/1
f 272/240/1 241/209/1 240/208/1
f 273/241/1 242/210/1 241/209/1
f 274/242/1 243/211/1 242/210/1
f 275/243/1 244/212/1 243/211/1
f 276/244/1 245/213/1 244/212/1
f 277/245/1 246/214/1 245/213/1
f 278/246/1 247/215/1 246/214/1
f 279/247/1 248/216/1 247/215/1
f 280/248/1 249/217/1 248/216/1
f 281/249/1 250/218/1 249/217/1
f 282/250/1 251/219/1 250/218/1
f 283/251/1 252/220/1 251/219/1
f 284/252/1 253/221/1 252/220/1
f 285/253/1 254/222/1 253/221/1
f 286/254/1 255/223/1 254/222/1
f 287/255/1 256/224/1 255/223/1
f 288/256/1 257/225/1 256/224/1
f 289/257/1 258/226/1 257/225/1
f 290/258/1 259/227/1 258/226/1
f 291/259/1 260/11/1 259/227/1
f 42/260/1 261/229/1 41/228/1
f 293/261/1 262/230/1 261/229/1
f 294/262/1 263/231/1 262/230/1
f 295/263/1 264/232/1 263/231/1
f 296/264/1 265/233/1 264/232/1
f 297/265/1 266/234/1 265/233/1
f 298/266/1 267/235/1 266/234/1
f 299/267/1 268/236/1 267/235/1
f 300/268/1 269/237/1 268/236/1
f 301/269/1 270/238/1 269/237/1
f 302/270/1 271/239/1 270/238/1
f 303/271/1 272/240/1 271/239/1
f 304/272/1 273/241/1 272/240/1
f 305/273/1 274/242/1 273/241/1
f 306/274/1 275/243/1 274/242/1
f 307/275/1 276/244/1 275/243/1
f 308/276/1 277/245/1 276/244/1
f 309/277/1 278/246/1 277/245/1
f 310/278/1 279/247/1 278/246/1
f 311/279/1 280/248/1 279/247/1
f 312/280/1 281/249/1 280/248/1
f 313/281/1 282/250/1 281/249/1
f 314/282/1 283/251/1 282/250/1
f 315/283/1 284/252/1 283/251/1
f 316/284/1 285/253/1 284/252/1
f 317/285/1 286/254/1 285/253/1
f 318/286/1 287/255/1 286/254/1
f 319/287/1 288/256/1 287/255/1
f 320/288/1 289/257/1 288/256/1
f 321/289/1 290/258/1 289/257/1
f 322/290/1 291/259/1 290/258/1
f 323/291/1 292/13/1 291/259/1
f 43/292/1 293/261/1 42/260/1
f 325/293/1 294/262/1 293/261/1
f 326/294/1 295/263/1 294/262/1
f 327/295/1 296/264/1 295/263/1
f 328/296/1 297/265/1 296/264/1
f 329/297/1 298/266/1 297/265/1
f 330/298/1 299/267/1 298/266/1
f 331/299/1 300/268/1 299/267/1
f 332/300/1 301/269/1 300/268/1
f 333/301/1 302/270/1 301/269/1
f 334/302/1 303/271/1 302/270/1
f 335/303/1 304/272/1 303/271/1
f 336/304/1 305/273/1 304/272/1
f 337/305/1 306/274/1 305/273/1
f 338/306/1 307/275/1 306/274/1
f 339/307/1 308/276/1 307/275/1
f 340/308/1 309/277/1 308/276/1
f 341/309/1 310/278/1 309/277/1
f 342/310/1 311/279/1 310/278/1
f 343/311/1 312/280/1 311/279/1
f 344/312/1 313/281/1 312/280/1
f 345/313/1 314/282/1 313/281/1
f 346/314/1 315/283/1 314/282/1
f 347/315/1 316/284/1 315/283/1
f 348/316/1 317/285/1 316/284/1
f 349/317/1 318/286/1 317/285/1
f 350/318/1 319/287/1 318/286/1
f 351/319/1 320/288/1 319/287/1
f 352/320/1 321/289/1 320/288/1
f 353/321/1 322/290/1 321/289/1
f 354/322/1 323/291/1 322/290/1
f 355/323/1 324/15/1 323/291/1
f 44/324/1 325/293/1 43/292/1
f 357/325/1 326/294/1 325/293/1
f 358/326/1 327/295/1 326/294/1
f 359/327/1 328/296/1 327/295/1
f 360/328/1 329/297/1 328/296/1
f 361/329/1 330/298/1 329/297/1
f 362/330/1 331/299/1 330/298/1
f 363/331/1 332/300/1 331/299/1
f 364/332/1 333/301/1 332/300/1
f 365/333/1 334/302/1 333/301/1
f 366/334/1 335/303/1 334/302/1
f 367/335/1 336/304/1 335/303/1
f 368/336/1 337/305/1 336/304/1
f 369/337/1 338/306/1 337/305/1
f 370/338/1 339/307/1 338/306/1
f 371/339/1 340/308/1 339/307/1
f 372/340/1 341/309/1 340/308/1
f 373/341/1 342/310/1 341/309/1
f 374/342/1 343/311/1 342/310/1
f 375/343/1 344/312/1 343/311/1
f 376/344/1 345/313/1 344/312/1
f 377/345/1 346/314/1 345/313/1
f 378/346/1 347/315/1 346/314/1
f 379/347/1 348/316/1 347/315/1
f 380/348/1 349/317/1 348/316/1
f 381/349/1 350/318/1 349/317/1
f 382/350/1 351/319/1 350/318/1
f 383/351/1 352/320/1 351/319/1
f 384/352/1 353/321/1 352/320/1
f 385/353/1 354/322/1 353/321/1
f 386/354/1 355/323/1 354/322/1
f 387/355/1 356/17/1 355/323/1
f 45/356/1 357/325/1 44/324/1
f 389/357/1 358/326/1 357/325/1
f 390/358/1 359/327/1 358/326/1
f 391/359/1 360/328/1 359/327/1
f 392/360/1 361/329/1 360/328/1
f 393/361/1 362/330/1 361/329/1
f 394/362/1 363/331/1 362/330/1
f 395/363/1 364/332/1 363/331/1
f 396/364/1 365/333/1 364/332/1
f 397/365/1 366/334/1 365/333/1
f 398/366/1 367/335/1 366/334/1
f 399/367/1 368/336/1 367/335/1
f 400/368/1 369/337/1 368/336/1
f 401/369/1 370/338/1 369/337/1
f 402/370/1 371/339/1 370/338/1
f 403/371/1 372/340/1 371/339/1
f 404/372/1 373/341/1 372/340/1
f 405/373/1 374/342/1 373/341/1
f 406/374/1 375/343/1 374/342/1
f 407/375/1 376/344/1 375/343/1
f 408/376/1 377/345/1 376/344/1
f 409/377/1 378/346/1 377/345/1
f 410/378/1 379/347/1 378/346/1
f 411/379/1 380/348/1 379/347/1
f 412/380/1 381/349/1 380/348/1
f 413/381/1 382/350/1 381/349/1
f 414/382/1 383/351/1 382/350/1
f 415/383/1 384/352/1 383/351/1
f 416/384/1 385/353/1 384/352/1
f 417/385/1 386/354/1 385/353/1
f 418/386/1 387/355/1 386/354/1
f 419/387/1 388/19/1 387/355/1
f 46/388/1 389/357/1 45/356/1
f 421/389/1 390/358/1 389/357/1
f 422/390/1 391/359/1 390/358/1
f 423/391/1 392/360/1 391/359/1
f 424/392/1 393/361/1 392/360/1
f 425/393/1 394/362/1 393/361/1
f 426/394/1 395/363/1 394/362/1
f 427/395/1 396/364/1 395/363/1
f 428/396/1 397/365/1 396/364/1
f 429/397/1 398/366/1 397/365/1
f 430/398/1 399/367/1 398/366/1
f 431/399/1 400/368/1 399/367/1
f 432/400/1 401/369/1 400/368/1
f 433/401/1 402/370/1 401/369/1
f 434/402/1 403/371/1 402/370/1
f 435/403/1 404/372/1 403/371/1
f 436/404/1 405/373/1 404/372/1
f 437/405/1 406/374/1 405/373/1
f 438/406/1 407/375/1 406/374/1
f 439/407/1 408/376/1 407/375/1
f 440/408/1 409/377/1 408/376/1
f 441/409/1 410/378/1 409/377/1
f 442/410/1 411/379/1 410/378/1
f 443/411/1 412/380/1 411/379/1
f 444/412/1 413/381/1 412/380/1
f 445/413/1 414/382/1 413/381/1
f 446/414/1 415/383/1 414/382/1
f 447/415/1 416/384/1 415/383/1
f 448/416/1 417/385/1 416/384/1
f 449/417/1 418/386/1 417/385/1
f 450/418/1 419/387/1 418/386/1
f 451/419/1 420/21/1 419/387/1
f 47/420/1 421/389/1 46/388/1
f 453/421/1 422/390/1 421/389/1
f 454/422/1 423/391/1 422/390/1
f 455/423/1 424/392/1 423/391/1
f 456/424/1 425/393/1 424/392/1
f 457/425/1 426/394/1 425/393/1
f 458/426/1 427/395/1 426/394/1
f 459/427/1 428/396/1 427/395/1
f 460/428/1 429/397/1 428/396/1
f 461/429/1 430/398/1 429/397/1
f 462/430/1 431/399/1 430/398/1
f 463/431/1 432/400/1 431/399/1
f 464/432/1 433/401/1 432/400/1
f 465/433/1 434/402/1 433/401/1
f 466/434/1 435/403/1 434/402/1
f 467/435/1 436/404/1 435/403/1
f 468/436/1 437/405/1 436/404/1
f 469/437/1 438/406/1 437/405/1
f 470/438/1 439/407/1 438/406/1
f 471/439/1 440/408/1 439/407/1
f 472/440/1 441/409/1 440/408/1
f 473/441/1 442/410/1 441/409/1
f 474/442/1 443/411/1 442/410/1
f 475/443/1 444/412/1 443/411/1
f 476/444/1 445/413/1 444/412/1
f 477/445/1 446/414/1 445/413/1
f 478/446/1 447/415/1 446/414/1
f 479/447/1 448/416/1 447/415/1
f 480/448/1 449/417/1 448/416/1
f 481/449/1 450/418/1 449/417/1
f 482/450/1 451/419/1 450/418/1
f 483/451/1 452/25/1 451/419/1
f 48/452/1 453/421/1 47/420/1
f 485/453/1 454/422/1 453/421/1
f 486/454/1 455/423/1 454/422/1
f 487/455/1 456/424/1 455/423/1
f 488/456/1 457/425/1 456/424/1
f 489/457/1 458/426/1 457/425/1
f 490/458/1 459/427/1 458/426/1
f 491/459/1 460/428/1 459/427/1
f 492/460/1 461/429/1 460/428/1
f 493/461/1 462/430/1 461/429/1
f 494/462/1 463/431/1 462/430/1
f 495/463/1 464/432/1 463/431/1
f 496/464/1 465/433/1 464/432/1
f 497/465/1 466/434/1 465/433/1
f 498/466/1 467/435/1 466/434/1
f 499/467/1 468/436/1 467/435/1
f 500/468/1 469/437/1 468/436/1
f 501/469/1 470/438/1 469/437/1
f 502/470/1 471/439/1 470/438/1
f 503/471/1 472/440/1 471/439/1
f 504/472/1 473/441/1 472/440/1
f 505/473/1 474/442/1 473/441/1
f 506/474/1 475/443/1 474/442/1
f 507/475/1 476/444/1 475/443/1
f 508/476/1 477/445/1 476/444/1
f 509/477/1 478/446/1 477/445/1
f 510/478/1 479/447/1 478/446/1
f 511/479/1 480/448/1 479/447/1
f 512/480/1 481/449/1 480/448/1
f 513/481/1 482/450/1 481/449/1
f 514/482/1 483/451/1 482/450/1
f 515/483/1 484/27/1 483/451/1
f 49/484/1 485/453/1 48/452/1
f 517/485/1 486/454/1 485/453/1
f 518/486/1 487/455/1 486/454/1
f 519/487/1 488/456/1 487/455/1
f 520/488/1 489/457/1 488/456/1
f 521/489/1 490/458/1 489/457/1
f 522/490/1 491/459/1 490/458/1
f 523/491/1 492/460/1 491/459/1
f 524/492/1 493/461/1 492/460/1
f 525/493/1 494/462/1 493/461/1
f 526/494/1 495/463/1 494/462/1
f 527/495/1 496/464/1 495/463/1
f 528/496/1 497/465/1 496/464/1
f 529/497/1 498/466/1 497/465/1
f 530/498/1 499/467/1 498/466/1
f 531/499/1 500/468/1 499/467/1
f 532/500/1 501/469/1 500/468/1
f 533/501/1 502/470/1 501/469/1
f 534/502/1 503/471/1 502/470/1
f 535/503/1 504/472/1 503/471/1
f 536/504/1 505/473/1 504/472/1
f 537/505/1 506/474/1 505/473/1
f 538/506/1 507/475/1 506/474/1
f 539/507/1 508/476/1 507/475/1
f 540/508/1 509/477/1 508/476/1
f 541/509/1 510/478/1 509/477/1
f 542/510/1 511/479/1 510/478/1
f 543/511/1 512/480/1 511/479/1
f 544/512/1 513/481/1 512/480/1
f 545/513/1 514/482/1 513/481/1
f 546/514/1 515/483/1 514/482/1
f 547/515/1 516/29/1 515/483/1
f 50/516/1 517/485/1 49/484/1
f 549/517/1 518/486/1 517/485/1
f 550/518/1 519/487/1 518/486/1
f 551/519/1 520/488/1 519/487/1
f 552/520/1 521/489/1 520/488/1
f 553/521/1 522/490/1 521/489/1
f 554/522/1 523/491/1 522/490/1
f 555/523/1 524/492/1 523/491/1
f 556/524/1 525/493/1 524/492/1
f 557/525/1 526/494/1 525/493/1
f 558/526/1 527/495/1 526/494/1
f 559/527/1 528/496/1 527/495/1
f 560/528/1 529/497/1 528/496/1
f 561/529/1 530/498/1 529/497/1
f 562/530/1 531/499/1 530/498/1
f 563/531/1 532/500/1 531/499/1
f 564/532/1 533/501/1 532/500/1
f 565/533/1 534/502/1 533/501/1
f 566/534/1 535/503/1 534/502/1
f 567/535/1 536/504/1 535/503/1
f 568/536/1 537/505/1 536/504/1
f 569/537/1 538/506/1 537/505/1
f 570/538/1 539/507/1 538/506/1
f 571/539/1 540/508/1 539/507/1
f 572/540/1 541/509/1 540/508/1
f 573/541/1 542/510/1 541/509/1
f 574/542/1 543/511/1 542/510/1
f 575/543/1 544/512/1 543/511/1
f 544/512/1 577/544/1 545/513/1
f 545/513/1 578/545/1 546/514/1
f 578/545/1 547/515/1 546/514/1
f 579/546/1 548/31/1 547/515/1
f 51/547/1 549/517/1 50/516/1
f 581/548/1 550/518/1 549/517/1
f 582/549/1 551/519/1 550/518/1
f 583/550/1 552/520/1 551/519/1
f 584/551/1 553/521/1 552/520/1
f 585/552/1 554/522/1 553/521/1
f 586/553/1 555/523/1 554/522/1
f 587/554/1 556/524/1 555/523/1
f 588/555/1 557/525/1 556/524/1
f 589/556/1 558/526/1 557/525/1
f 590/557/1 559/527/1 558/526/1
f 591/558/1 560/528/1 559/527/1
f 592/559/1 561/529/1 560/528/1
f 593/560/1 562/530/1 561/529/1
f 594/561/1 563/531/1 562/530/1
f 595/562/1 564/532/1 563/531/1
f 596/563/1 565/533/1 564/532/1
f 597/564/1 566/534/1 565/533/1
f 598/565/1 567/535/1 566/534/1
f 599/566/1 568/536/1 567/535/1
f 600/567/1 569/537/1 568/536/1
f 601/568/1 570/538/1 569/537/1
f 602/569/1 571/539/1 570/538/1
f 603/570/1 572/540/1 571/539/1
f 604/571/1 573/541/1 572/540/1
f 605/572/1 574/542/1 573/541/1
f 606/573/1 575/543/1 574/542/1
f 607/574/1 576/575/1 575/543/1
f 608/576/1 577/544/1 576/575/1
f 609/577/1 578/545/1 577/544/1
f 610/578/1 579/546/1 578/545/1
f 611/579/1 580/34/1 579/546/1
f 52/580/1 581/548/1 51/547/1
f 613/581/1 582/549/1 581/548/1
f 614/582/1 583/550/1 582/549/1
f 615/583/1 584/551/1 583/550/1
f 616/584/1 585/552/1 584/551/1
f 617/585/1 586/553/1 585/552/1
f 618/586/1 587/554/1 586/553/1
f 619/587/1 588/555/1 587/554/1
f 620/588/1 589/556/1 588/555/1
f 621/589/1 590/557/1 589/556/1
f 622/590/1 591/558/1 590/557/1
f 623/591/1 592/559/1 591/558/1
f 624/592/1 593/560/1 592/559/1
f 625/593/1 594/561/1 593/560/1
f 626/594/1 595/562/1 594/561/1
f 627/595/1 596/563/1 595/562/1
f 628/596/1 597/564/1 596/563/1
f 629/597/1 598/565/1 597/564/1
f 598/565/1 631/598/1 599/566/1
f 631/598/1 600/567/1 599/566/1
f 632/599/1 601/568/1 600/567/1
f 633/600/1 602/569/1 601/568/1
f 602/569/1 635/601/1 603/570/1
f 635/601/1 604/571/1 603/570/1
f 636/602/1 605/572/1 604/571/1
f 637/603/1 606/573/1 605/572/1
f 638/604/1 607/574/1 606/573/1
f 639/605/1 608/576/1 607/574/1
f 640/606/1 609/577/1 608/576/1
f 641/607/1 610/578/1 609/577/1
f 642/608/1 611/579/1 610/578/1
f 611/579/1 644/35/1 612/33/1
f 53/609/1 613/581/1 52/580/1
f 645/610/1 614/582/1 613/581/1
f 646/611/1 615/583/1 614/582/1
f 647/612/1 616/584/1 615/583/1
f 648/613/1 617/585/1 616/584/1
f 649/614/1 618/586/1 617/585/1
f 650/615/1 619/587/1 618/586/1
f 651/616/1 620/588/1 619/587/1
f 652/617/1 621/589/1 620/588/1
f 653/618/1 622/590/1 621/589/1
f 654/619/1 623/591/1 622/590/1
f 655/620/1 624/592/1 623/591/1
f 656/621/1 625/593/1 624/592/1
f 657/622/1 626/594/1 625/593/1
f 658/623/1 627/595/1 626/594/1
f 659/624/1 628/596/1 627/595/1
f 660/625/1 629/597/1 628/596/1
f 661/626/1 630/627/1 629/597/1
f 662/628/1 631/598/1 630/627/1
f 663/629/1 632/599/1 631/598/1
f 664/630/1 633/600/1 632/599/1
f 665/631/1 634/632/1 633/600/1
f 666/633/1 635/601/1 634/632/1
f 667/634/1 636/602/1 635/601/1
f 668/635/1 637/603/1 636/602/1
f 669/636/1 638/604/1 637/603/1
f 670/637/1 639/605/1 638/604/1
f 671/638/1 640/606/1 639/605/1
f 672/639/1 641/607/1 640/606/1
f 673/640/1 642/608/1 641/607/1
f 674/641/1 643/642/1 642/608/1
f 675/643/1 644/35/1 643/642/1
f 54/644/1 645/610/1 53/609/1
f 677/645/1 646/611/1 645/610/1
f 678/646/1 647/612/1 646/611/1
f 679/647/1 648/613/1 647/612/1
f 680/648/1 649/614/1 648/613/1
f 681/649/1 650/615/1 649/614/1
f 682/650/1 651/616/1 650/615/1
f 683/651/1 652/617/1 651/616/1
f 652/617/1 685/652/1 653/618/1
f 685/652/1 654/619/1 653/618/1
f 686/653/1 655/620/1 654/619/1
f 687/654/1 656/621/1 655/620/1
f 688/655/1 657/622/1 656/621/1
f 689/656/1 658/623/1 657/622/1
f 690/657/1 659/624/1 658/623/1
f 691/658/1 660/625/1 659/624/1
f 692/659/1 661/626/1 660/625/1
f 693/660/1 662/628/1 661/626/1
f 694/661/1 663/629/1 662/628/1
f 695/662/1 664/630/1 663/629/1
f 696/663/1 665/631/1 664/630/1
f 697/664/1 666/633/1 665/631/1
f 698/665/1 667/634/1 666/633/1
f 699/666/1 668/635/1 667/634/1
f 700/667/1 669/636/1 668/635/1
f 701/668/1 670/637/1 669/636/1
f 670/637/1 703/669/1 671/638/1
f 703/669/1 672/639/1 671/638/1
f 704/670/1 673/640/1 672/639/1
f 705/671/1 674/641/1 673/640/1
f 706/672/1 675/643/1 674/641/1
f 707/673/1 676/37/1 675/643/1
f 55/674/1 677/645/1 54/644/1
f 709/675/1 678/646/1 677/645/1
f 710/676/1 679/647/1 678/646/1
f 711/677/1 680/648/1 679/647/1
f 712/678/1 681/649/1 680/648/1
f 713/679/1 682/650/1 681/649/1
f 714/680/1 683/651/1 682/650/1
f 715/681/1 684/682/1 683/651/1
f 716/683/1 685/652/1 684/682/1
f 717/684/1 686/653/1 685/652/1
f 718/685/1 687/654/1 686/653/1
f 719/686/1 688/655/1 687/654/1
f 720/687/1 689/656/1 688/655/1
f 721/688/1 690/657/1 689/656/1
f 722/689/1 691/658/1 690/657/1
f 723/690/1 692/659/1 691/658/1
f 724/691/1 693/660/1 692/659/1
f 725/692/1 694/661/1 693/660/1
f 726/693/1 695/662/1 694/661/1
f 727/694/1 696/663/1 695/662/1
f 728/695/1 697/664/1 696/663/1
f 729/696/1 698/665/1 697/664/1
f 730/697/1 699/666/1 698/665/1
f 699/666/1 732/698/1 700/667/1
f 732/698/1 701/668/1 700/667/1
f 733/699/1 702/700/1 701/668/1
f 734/701/1 703/669/1 702/700/1
f 703/669/1 736/702/1 704/670/1
f 736/702/1 705/671/1 704/670/1
f 737/703/1 706/672/1 705/671/1
f 706/672/1 739/704/1 707/673/1
f 739/704/1 708/39/1 707/673/1
f 56/705/1 709/675/1 55/674/1
f 741/706/1 710/676/1 709/675/1
f 742/707/1 711/677/1 710/676/1
f 743/708/1 712/678/1 711/677/1
f 744/709/1 713/679/1 712/678/1
f 745/710/1 714/680/1 713/679/1
f 746/711/1 715/681/1 714/680/1
f 747/712/1 716/683/1 715/681/1
f 748/713/1 717/684/1 716/683/1
f 749/714/1 718/685/1 717/684/1
f 750/715/1 719/686/1 718/685/1
f 751/716/1 720/687/1 719/686/1
f 752/717/1 721/688/1 720/687/1
f 753/718/1 722/689/1 721/688/1
f 754/719/1 723/690/1 722/689/1
f 755/720/1 724/691/1 723/690/1
f 756/721/1 725/692/1 724/691/1
f 757/722/1 726/693/1 725/692/1
f 758/723/1 727/694/1 726/693/1
f 759/724/1 728/695/1 727/694/1
f 760/725/1 729/696/1 728/695/1
f 761/726/1 730/697/1 729/696/1
f 762/727/1 731/728/1 730/697/1
f 763/729/1 732/698/1 731/728/1
f 764/730/1 733/699/1 732/698/1
f 765/731/1 734/701/1 733/699/1
f 766/732/1 735/733/1 734/701/1
f 735/733/1 768/734/1 736/702/1
f 768/734/1 737/703/1 736/702/1
f 769/735/1 738/736/1 737/703/1
f 738/736/1 771/737/1 739/704/1
f 739/704/1 772/43/1 740/41/1
f 57/738/1 741/706/1 56/705/1
f 773/739/1 742/707/1 741/706/1
f 774/740/1 743/708/1 742/707/1
f 775/741/1 744/709/1 743/708/1
f 776/742/1 745/710/1 744/709/1
f 777/743/1 746/711/1 745/710/1
f 778/744/1 747/712/1 746/711/1
f 779/745/1 748/713/1 747/712/1
f 780/746/1 749/714/1 748/713/1
f 781/747/1 750/715/1 749/714/1
f 782/748/1 751/716/1 750/715/1
f 783/749/1 752/717/1 751/716/1
f 784/750/1 753/718/1 752/717/1
f 785/751/1 754/719/1 753/718/1
f 786/752/1 755/720/1 754/719/1
f 787/753/1 756/721/1 755/720/1
f 788/754/1 757/722/1 756/721/1
f 789/755/1 758/723/1 757/722/1
f 790/756/1 759/724/1 758/723/1
f 791/757/1 760/725/1 759/724/1
f 792/758/1 761/726/1 760/725/1
f 793/759/1 762/727/1 761/726/1
f 794/760/1 763/729/1 762/727/1
f 795/761/1 764/730/1 763/729/1
f 796/762/1 765/731/1 764/730/1
f 797/763/1 766/732/1 765/731/1
f 798/764/1 767/765/1 766/732/1
f 799/766/1 768/734/1 767/765/1
f 800/767/1 769/735/1 768/734/1
f 801/768/1 770/769/1 769/735/1
f 770/769/1 803/770/1 771/737/1
f 771/737/1 804/45/1 772/43/1
f 58/771/1 773/739/1 57/738/1
f 805/772/1 774/740/1 773/739/1
f 806/773/1 775/741/1 774/740/1
f 807/774/1 776/742/1 775/741/1
f 808/775/1 777/743/1 776/742/1
f 809/776/1 778/744/1 777/743/1
f 810/777/1 779/745/1 778/744/1
f 811/778/1 780/746/1 779/745/1
f 812/779/1 781/747/1 780/746/1
f 813/780/1 782/748/1 781/747/1
f 814/781/1 783/749/1 782/748/1
f 815/782/1 784/750/1 783/749/1
f 816/783/1 785/751/1 784/750/1
f 817/784/1 786/752/1 785/751/1
f 818/785/1 787/753/1 786/752/1
f 819/786/1 788/754/1 787/753/1
f 820/787/1 789/755/1 788/754/1
f 821/788/1 790/756/1 789/755/1
f 822/789/1 791/757/1 790/756/1
f 823/790/1 792/758/1 791/757/1
f 824/791/1 793/759/1 792/758/1
f 825/792/1 794/760/1 793/759/1
f 826/793/1 795/761/1 794/760/1
f 827/794/1 796/762/1 795/761/1
f 828/795/1 797/763/1 796/762/1
f 829/796/1 798/764/1 797/763/1
f 830/797/1 799/766/1 798/764/1
f 831/798/1 800/767/1 799/766/1
f 832/799/1 801/768/1 800/767/1
f 833/800/1 802/801/1 801/768/1
f 834/802/1 803/770/1 802/801/1
f 803/770/1 836/47/1 804/45/1
f 59/803/1 805/772/1 58/771/1
f 837/804/1 806/773/1 805/772/1
f 838/805/1 807/774/1 806/773/1
f 839/806/1 808/775/1 807/774/1
f 840/807/1 809/776/1 808/775/1
f 841/808/1 810/777/1 809/776/1
f 842/809/1 811/778/1 810/777/1
f 843/810/1 812/779/1 811/778/1
f 844/811/1 813/780/1 812/779/1
f 845/812/1 814/781/1 813/780/1
f 846/813/1 815/782/1 814/781/1
f 847/814/1 816/783/1 815/782/1
f 848/815/1 817/784/1 816/783/1
f 849/816/1 818/785/1 817/784/1
f 850/817/1 819/786/1 818/785/1
f 851/818/1 820/787/1 819/786/1
f 852/819/1 821/788/1 820/787/1
f 853/820/1 822/789/1 821/788/1
f 854/821/1 823/790/1 822/789/1
f 855/822/1 824/791/1 823/790/1
f 856/823/1 825/792/1 824/791/1
f 857/824/1 826/793/1 825/792/1
f 858/825/1 827/794/1 826/793/1
f 859/826/1 828/795/1 827/794/1
f 860/827/1 829/796/1 828/795/1
f 861/828/1 830/797/1 829/796/1
f 862/829/1 831/798/1 830/797/1
f 863/830/1 832/799/1 831/798/1
f 864/831/1 833/800/1 832/799/1
f 865/832/1 834/802/1 833/800/1
f 866/833/1 835/834/1 834/802/1
f 835/834/1 868/49/1 836/47/1
f 60/835/1 837/804/1 59/803/1
f 869/836/1 838/805/1 837/804/1
f 870/837/1 839/806/1 838/805/1
f 871/838/1 840/807/1 839/806/1
f 872/839/1 841/808/1 840/807/1
f 873/840/1 842/809/1 841/808/1
f 874/841/1 843/810/1 842/809/1
f 875/842/1 844/811/1 843/810/1
f 876/843/1 845/812/1 844/811/1
f 877/844/1 846/813/1 845/812/1
f 878/845/1 847/814/1 846/813/1
f 879/846/1 848/815/1 847/814/1
f 880/847/1 849/816/1 848/815/1
f 881/848/1 850/817/1 849/816/1
f 882/849/1 851/818/1 850/817/1
f 883/850/1 852/819/1 851/818/1
f 884/851/1 853/820/1 852/819/1
f 885/852/1 854/821/1 853/820/1
f 886/853/1 855/822/1 854/821/1
f 887/854/1 856/823/1 855/822/1
f 888/855/1 857/824/1 856/823/1
f 889/856/1 858/825/1 857/824/1
f 890/857/1 859/826/1 858/825/1
f 891/858/1 860/827/1 859/826/1
f 892/859/1 861/828/1 860/827/1
f 893/860/1 862/829/1 861/828/1
f 894/861/1 863/830/1 862/829/1
f 895/862/1 864/831/1 863/830/1
f 896/863/1 865/832/1 864/831/1
f 897/864/1 866/833/1 865/832/1
f 898/865/1 867/866/1 866/833/1
f 867/866/1 900/51/1 868/49/1
f 61/867/1 869/836/1 60/835/1
f 901/868/1 870/837/1 869/836/1
f 902/869/1 871/838/1 870/837/1
f 903/870/1 872/839/1 871/838/1
f 904/871/1 873/840/1 872/839/1
f 905/872/1 874/841/1 873/840/1
f 906/873/1 875/842/1 874/841/1
f 907/874/1 876/843/1 875/842/1
f 908/875/1 877/844/1 876/843/1
f 909/876/1 878/845/1 877/844/1
f 910/877/1 879/846/1 878/845/1
f 911/878/1 880/847/1 879/846/1
f 912/879/1 881/848/1 880/847/1
f 913/880/1 882/849/1 881/848/1
f 914/881/1 883/850/1 882/849/1
f 915/882/1 884/851/1 883/850/1
f 916/883/1 885/852/1 884/851/1
f 917/884/1 886/853/1 885/852/1
f 918/885/1 887/854/1 886/853/1
f 919/886/1 888/855/1 887/854/1
f 920/887/1 889/856/1 888/855/1
f 921/888/1 890/857/1 889/856/1
f 922/889/1 891/858/1 890/857/1
f 923/890/1 892/859/1 891/858/1
f 924/891/1 893/860/1 892/859/1
f 925/892/1 894/861/1 893/860/1
f 926/893/1 895/862/1 894/861/1
f 927/894/1 896/863/1 895/862/1
f 928/895/1 897/864/1 896/863/1
f 929/896/1 898/865/1 897/864/1
f 930/897/1 899/898/1 898/865/1
f 931/899/1 900/51/1 899/898/1
f 62/900/1 901/868/1 61/867/1
f 933/901/1 902/869/1 901/868/1
f 934/902/1 903/870/1 902/869/1
f 935/903/1 904/871/1 903/870/1
f 936/904/1 905/872/1 904/871/1
f 937/905/1 906/873/1 905/872/1
f 938/906/1 907/874/1 906/873/1
f 939/907/1 908/875/1 907/874/1
f 940/908/1 909/876/1 908/875/1
f 941/909/1 910/877/1 909/876/1
f 942/910/1 911/878/1 910/877/1
f 943/911/1 912/879/1 911/878/1
f 944/912/1 913/880/1 912/879/1
f 945/913/1 914/881/1 913/880/1
f 946/914/1 915/882/1 914/881/1
f 947/915/1 916/883/1 915/882/1
f 948/916/1 917/884/1 916/883/1
f 949/917/1 918/885/1 917/884/1
f 950/918/1 919/886/1 918/885/1
f 951/919/1 920/887/1 919/886/1
f 952/920/1 921/888/1 920/887/1
f 953/921/1 922/889/1 921/888/1
f 954/922/1 923/890/1 922/889/1
f 955/923/1 924/891/1 923/890/1
f 956/924/1 925/892/1 924/891/1
f 957/925/1 926/893/1 925/892/1
f 958/926/1 927/894/1 926/893/1
f 959/927/1 928/895/1 927/894/1
f 960/928/1 929/896/1 928/895/1
f 961/929/1 930/897/1 929/896/1
f 962/930/1 931/899/1 930/897/1
f 963/931/1 932/53/1 931/899/1
f 63/932/1 933/901/1 62/900/1
f 965/933/1 934/902/1 933/901/1
f 966/934/1 935/903/1 934/902/1
f 967/935/1 936/904/1 935/903/1
f 968/936/1 937/905/1 936/904/1
f 969/937/1 938/906/1 937/905/1
f 970/938/1 939/907/1 938/906/1
f 971/939/1 940/908/1 939/907/1
f 972/940/1 941/909/1 940/908/1
f 973/941/1 942/910/1 941/909/1
f 974/942/1 943/911/1 942/910/1
f 975/943/1 944/912/1 943/911/1
f 976/944/1 945/913/1 944/912/1
f 977/945/1 946/914/1 945/913/1
f 978/946/1 947/915/1 946/914/1
f 979/947/1 948/916/1 947/915/1
f 980/948/1 949/917/1 948/916/1
f 981/949/1 950/918/1 949/917/1
f 982/950/1 951/919/1 950/918/1
f 983/951/1 952/920/1 951/919/1
f 984/952/1 953/921/1 952/920/1
f 985/953/1 954/922/1 953/921/1
f 986/954/1 955/923/1 954/922/1
f 987/955/1 956/924/1 955/923/1
f 988/956/1 957/925/1 956/924/1
f 989/957/1 958/926/1 957/925/1
f 990/958/1 959/927/1 958/926/1
f 991/959/1 960/928/1 959/927/1
f 992/960/1 961/929/1 960/928/1
f 993/961/1 962/930/1 961/929/1
f 994/962/1 963/931/1 962/930/1
f 995/963/1 964/55/1 963/931/1
f 64/964/1 965/933/1 63/932/1
f 997/965/1 966/934/1 965/933/1
f 998/966/1 967/935/1 966/934/1
f 999/967/1 968/936/1 967/935/1
f 1000/968/1 969/937/1 968/936/1
f 1001/969/1 970/938/1 969/937/1
f 1002/970/1 971/939/1 970/938/1
f 1003/971/1 972/940/1 971/939/1
f 1004/972/1 973/941/1 972/940/1
f 1005/973/1 974/942/1 973/941/1
f 1006/974/1 975/943/1 974/942/1
f 1007/975/1 976/944/1 975/943/1
f 1008/976/1 977/945/1 976/944/1
f 1009/977/1 978/946/1 977/945/1
f 1010/978/1 979/947/1 978/946/1
f 1011/979/1 980/948/1 979/947/1
f 1012/980/1 981/949/1 980/948/1
f 1013/981/1 982/950/1 981/949/1
f 1014/982/1 983/951/1 982/950/1
f 1015/983/1 984/952/1 983/951/1
f 1016/984/1 985/953/1 984/952/1
f 1017/985/1 986/954/1 985/953/1
f 1018/986/1 987/955/1 986/954/1
f 1019/987/1 988/956/1 987/955/1
f 1020/988/1 989/957/1 988/956/1
f 1021/989/1 990/958/1 989/957/1
f 1022/990/1 991/959/1 990/958/1
f 1023/991/1 992/960/1 991/959/1
f 1024/992/1 993/961/1 992/960/1
f 1025/993/1 994/962/1 993/961/1
f 1026/994/1 995/963/1 994/962/1
f 1027/995/1 996/57/1 995/963/1
f 65/996/1 997/965/1 64/964/1
f 1029/997/1 998/966/1 997/965/1
f 1030/998/1 999/967/1 998/966/1
f 1031/999/1 1000/968/1 999/967/1
f 1032/1000/1 1001/969/1 1000/968/1
f 1033/1001/1 1002/970/1 1001/969/1
f 1034/1002/1 1003/971/1 1002/970/1
f 1035/1003/1 1004/972/1 1003/971/1
f 1036/1004/1 1005/973/1 1004/972/1
f 1037/1005/1 1006/974/1 1005/973/1
f 1038/1006/1 1007/975/1 1006/974/1
f 1039/1007/1 1008/976/1 1007/975/1
f 1040/1008/1 1009/977/1 1008/976/1
f 1041/1009/1 1010/978/1 1009/977/1
f 1042/1010/1 1011/979/1 1010/978/1
f 1043/1011/1 1012/980/1 1011/979/1
f 1044/1012/1 1013/981/1 1012/980/1
f 1045/1013/1 1014/982/1 1013/981/1
f 1046/1014/1 1015/983/1 1014/982/1
f 1047/1015/1 1016/984/1 1015/983/1
f 1048/1016/1 1017/985/1 1016/984/1
f 1049/1017/1 1018/986/1 1017/985/1
f 1050/1018/1 1019/987/1 1018/986/1
f 1051/1019/1 1020/988/1 1019/987/1
f 1052/1020/1 1021/989/1 1020/988/1
f 1053/1021/1 1022/990/1 1021/989/1
f 1054/1022/1 1023/991/1 1022/990/1
f 1055/1023/1 1024/992/1 1023/991/1
f 1056/1024/1 1025/993/1 1024/992/1
f 1057/1025/1 1026/994/1 1025/993/1
f 1058/1026/1 1027/995/1 1026/994/1
f 1059/1027/1 1028/59/1 1027/995/1
f 66/1028/1 1029/997/1 65/996/1
f 1061/1029/1 1030/998/1 1029/997/1
f 1062/1030/1 1031/999/1 1030/998/1
f 1063/1031/1 1032/1000/1 1031/999/1
f 1064/1032/1 1033/1001/1 1032/1000/1
f 1065/1033/1 1034/1002/1 1033/1001/1
f 1066/1034/1 1035/1003/1 1034/1002/1
f 1067/1035/1 1036/1004/1 1035/1003/1
f 1068/1036/1 1037/1005/1 1036/1004/1
f 1069/1037/1 1038/1006/1 1037/1005/1
f 1070/1038/1 1039/1007/1 1038/1006/1
f 1071/1039/1 1040/1008/1 1039/1007/1
f 1072/1040/1 1041/1009/1 1040/1008/1
f 1073/1041/1 1042/1010/1 1041/1009/1
f 1074/1042/1 1043/1011/1 1042/1010/1
f 1075/1043/1 1044/1012/1 1043/1011/1
f 1076/1044/1 1045/1013/1 1044/1012/1
f 1077/1045/1 1046/1014/1 1045/1013/1
f 1078/1046/1 1047/1015/1 1046/1014/1
f 1079/1047/1 1048/1016/1 1047/1015/1
f 1080/1048/1 1049/1017/1 1048/1016/1
f 1081/1049/1 1050/1018/1 1049/1017/1
f 1082/1050/1 1051/1019/1 1050/1018/1
f 1083/1051/1 1052/1020/1 1051/1019/1
f 1084/1052/1 1053/1021/1 1052/1020/1
f 1085/1053/1 1054/1022/1 1053/1021/1
f 1086/1054/1 1055/1023/1 1054/1022/1
f 1087/1055/1 1056/1024/1 1055/1023/1
f 1088/1056/1 1057/1025/1 1056/1024/1
f 1089/1057/1 1058/1026/1 1057/1025/1
f 1090/1058/1 1059/1027/1 1058/1026/1
f 1091/1059/1 1060/61/1 1059/1027/1
f 67/1060/1 1061/1029/1 66/1028/1
f 1093/1061/1 1062/1030/1 1061/1029/1
f 1094/1062/1 1063/1031/1 1062/1030/1
f 1095/1063/1 1064/1032/1 1063/1031/1
f 1096/1064/1 1065/1033/1 1064/1032/1
f 1097/1065/1 1066/1034/1 1065/1033/1
f 1098/1066/1 1067/1035/1 1066/1034/1
f 1099/1067/1 1068/1036/1 1067/1035/1
f 1100/1068/1 1069/1037/1 1068/1036/1
f 1101/1069/1 1070/1038/1 1069/1037/1
f 1102/1070/1 1071/1039/1 1070/1038/1
f 1103/1071/1 1072/1040/1 1071/1039/1
f 1104/1072/1 1073/1041/1 1072/1040/1
f 1105/1073/1 1074/1042/1 1073/1041/1
f 1106/1074/1 1075/1043/1 1074/1042/1
f 1107/1075/1 1076/1044/1 1075/1043/1
f 1108/1076/1 1077/1045/1 1076/1044/1
f 1109/1077/1 1078/1046/1 1077/1045/1
f 1110/1078/1 1079/1047/1 1078/1046/1
f 1111/1079/1 1080/1048/1 1079/1047/1
f 1112/1080/1 1081/1049/1 1080/1048/1
f 1113/1081/1 1082/1050/1 1081/1049/1
f 1114/1082/1 1083/1051/1 1082/1050/1
f 1115/1083/1 1084/1052/1 1083/1051/1
f 1116/1084/1 1085/1053/1 1084/1052/1
f 1117/1085/1 1086/1054/1 1085/1053/1
f 1118/1086/1 1087/1055/1 1086/1054/1
f 1119/1087/1 1088/1056/1 1087/1055/1
f 1120/1088/1 1089/1057/1 1088/1056/1
f 1121/1089/1 1090/1058/1 1089/1057/1
f 1122/1090/1 1091/1059/1 1090/1058/1
f 1123/1091/1 1092/63/1 1091/1059/1
f 68/1092/1 1093/1061/1 67/1060/1
f 1125/1093/1 1094/1062/1 1093/1061/1
f 1126/1094/1 1095/1063/1 1094/1062/1
f 1127/1095/1 1096/1064/1 1095/1063/1
f 1128/1096/1 1097/1065/1 1096/1064/1
f 1129/1097/1 1098/1066/1 1097/1065/1
f 1130/1098/1 1099/1067/1 1098/1066/1
f 1131/1099/1 1100/1068/1 1099/1067/1
f 1132/1100/1 1101/1069/1 1100/1068/1
f 1133/1101/1 1102/1070/1 1101/1069/1
f 1134/1102/1 1103/1071/1 1102/1070/1
f 1135/1103/1 1104/1072/1 1103/1071/1
f 1136/1104/1 1105/1073/1 1104/1072/1
f 1137/1105/1 1106/1074/1 1105/1073/1
f 1138/1106/1 1107/1075/1 1106/1074/1
f 1139/1107/1 1108/1076/1 1107/1075/1
f 1140/1108/1 1109/1077/1 1108/1076/1
f 1141/1109/1 1110/1078/1 1109/1077/1
f 1142/1110/1 1111/1079/1 1110/1078/1
f 1143/1111/1 1112/1080/1 1111/1079/1
f 1144/1112/1 1113/1081/1 1112/1080/1
f 1145/1113/1 1114/1082/1 1113/1081/1
f 1146/1114/1 1115/1083/1 1114/1082/1
f 1147/1115/1 1116/1084/1 1115/1083/1
f 1148/1116/1 1117/1085/1 1116/1084/1
f 1149/1117/1 1118/1086/1 1117/1085/1
f 1150/1118/1 1119/1087/1 1118/1086/1
f 1151/1119/1 1120/1088/1 1119/1087/1
f 1152/1120/1 1121/1089/1 1120/1088/1
f 1153/1121/1 1122/1090/1 1121/1089/1
f 1154/1122/1 1123/1091/1 1122/1090/1
f 1155/1123/1 1124/65/1 1123/1091/1
f 2/1124/1 1125/1093/1 68/1092/1
f 69/1125/1 1126/1094/1 1125/1093/1
f 70/1126/1 1127/1095/1 1126/1094/1
f 71/1127/1 1128/1096/1 1127/1095/1
f 72/1128/1 1129/1097/1 1128/1096/1
f 73/1129/1 1130/1098/1 1129/1097/1
f 74/1130/1 1131/1099/1 1130/1098/1
f 75/1131/1 1132/1100/1 1131/1099/1
f 76/1132/1 1133/1101/1 1132/1100/1
f 77/1133/1 1134/1102/1 1133/1101/1
f 78/1134/1 1135/1103/1 1134/1102/1
f 79/1135/1 1136/1104/1 1135/1103/1
f 80/1136/1 1137/1105/1 1136/1104/1
f 81/1137/1 1138/1106/1 1137/1105/1
f 82/1138/1 1139/1107/1 1138/1106/1
f 83/1139/1 1140/1108/1 1139/1107/1
f 84/1140/1 1141/1109/1 1140/1108/1
f 85/1141/1 1142/1110/1 1141/1109/1
f 86/1142/1 1143/1111/1 1142/1110/1
f 87/1143/1 1144/1112/1 1143/1111/1
f 88/1144/1 1145/1113/1 1144/1112/1
f 89/1145/1 1146/1114/1 1145/1113/1
f 90/1146/1 1147/1115/1 1146/1114/1
f 91/1147/1 1148/1116/1 1147/1115/1
f 92/1148/1 1149/1117/1 1148/1116/1
f 93/1149/1 1150/1118/1 1149/1117/1
f 94/1150/1 1151/1119/1 1150/1118/1
f 95/1151/1 1152/1120/1 1151/1119/1
f 96/1152/1 1153/1121/1 1152/1120/1
f 97/1153/1 1154/1122/1 1153/1121/1
f 98/1154/1 1155/1123/1 1154/1122/1
f 99/1155/1 1156/3/1 1155/1123/1
f 100/1/1 4/1156/1 101/2/1
f 164/4/1 132/8/1 3/5/1
f 196/7/1 131/10/1 132/8/1
f 228/9/1 130/12/1 131/10/1
f 260/11/1 129/14/1 130/12/1
f 292/13/1 128/16/1 129/14/1
f 324/15/1 127/18/1 128/16/1
f 356/17/1 126/20/1 127/18/1
f 388/19/1 125/22/1 126/20/1
f 420/21/1 124/24/1 125/22/1
f 420/21/1 452/25/1 123/23/1
f 452/25/1 484/27/1 122/26/1
f 484/27/1 516/29/1 121/28/1
f 516/29/1 548/31/1 120/30/1
f 548/31/1 580/34/1 119/32/1
f 612/33/1 118/36/1 119/32/1
f 644/35/1 117/38/1 118/36/1
f 676/37/1 116/40/1 117/38/1
f 708/39/1 115/42/1 116/40/1
f 740/41/1 114/44/1 115/42/1
f 772/43/1 113/46/1 114/44/1
f 804/45/1 112/48/1 113/46/1
f 836/47/1 111/50/1 112/48/1
f 868/49/1 110/52/1 111/50/1
f 900/51/1 109/54/1 110/52/1
f 932/53/1 108/56/1 109/54/1
f 964/55/1 107/58/1 108/56/1
f 996/57/1 106/60/1 107/58/1
f 1028/59/1 105/62/1 106/60/1
f 1060/61/1 104/64/1 105/62/1
f 1092/63/1 103/66/1 104/64/1
f 1124/65/1 102/67/1 103/66/1
f 1156/3/1 101/2/1 102/67/1
f 37/68/1 133/71/1 36/69/1
f 133/71/1 134/73/1 35/72/1
f 134/73/1 135/75/1 34/74/1
f 135/75/1 136/77/1 33/76/1
f 136/77/1 137/79/1 32/78/1
f 137/79/1 138/81/1 31/80/1
f 138/81/1 139/83/1 30/82/1
f 139/83/1 140/85/1 29/84/1
f 140/85/1 141/87/1 28/86/1
f 141/87/1 142/89/1 27/88/1
f 142/89/1 143/91/1 26/90/1
f 143/91/1 144/93/1 25/92/1
f 144/93/1 145/95/1 24/94/1
f 145/95/1 146/97/1 23/96/1
f 146/97/1 147/99/1 22/98/1
f 147/99/1 148/101/1 21/100/1
f 148/101/1 149/103/1 20/102/1
f 149/103/1 150/105/1 19/104/1
f 150/105/1 151/107/1 18/106/1
f 151/107/1 152/109/1 17/108/1
f 152/109/1 153/111/1 16/110/1
f 153/111/1 154/113/1 15/112/1
f 154/113/1 155/115/1 14/114/1
f 155/115/1 156/117/1 13/116/1
f 156/117/1 157/119/1 12/118/1
f 157/119/1 158/121/1 11/120/1
f 158/121/1 159/123/1 10/122/1
f 159/123/1 160/125/1 9/124/1
f 160/125/1 161/127/1 8/126/1
f 161/127/1 162/129/1 7/128/1
f 162/129/1 163/131/1 6/130/1
f 163/131/1 164/4/1 5/6/1
f 38/132/1 165/133/1 133/71/1
f 165/133/1 166/134/1 134/73/1
f 166/134/1 167/135/1 135/75/1
f 167/135/1 168/136/1 136/77/1
f 168/136/1 169/137/1 137/79/1
f 169/137/1 170/138/1 138/81/1
f 170/138/1 171/139/1 139/83/1
f 171/139/1 172/140/1 140/85/1
f 172/140/1 173/141/1 141/87/1
f 173/141/1 174/142/1 142/89/1
f 174/142/1 175/143/1 143/91/1
f 175/143/1 176/144/1 144/93/1
f 176/144/1 177/145/1 145/95/1
f 177/145/1 178/146/1 146/97/1
f 178/146/1 179/147/1 147/99/1
f 179/147/1 180/148/1 148/101/1
f 180/148/1 181/149/1 149/103/1
f 181/149/1 182/150/1 150/105/1
f 182/150/1 183/151/1 151/107/1
f 183/151/1 184/152/1 152/109/1
f 184/152/1 185/153/1 153/111/1
f 185/153/1 186/154/1 154/113/1
f 186/154/1 187/155/1 155/115/1
f 187/155/1 188/156/1 156/117/1
f 188/156/1 189/157/1 157/119/1
f 189/157/1 190/158/1 158/121/1
f 190/158/1 191/159/1 159/123/1
f 191/159/1 192/160/1 160/125/1
f 192/160/1 193/161/1 161/127/1
f 193/161/1 194/162/1 162/129/1
f 194/162/1 195/163/1 163/131/1
f 195/163/1 196/7/1 164/4/1
f 39/164/1 197/165/1 165/133/1
f 197/165/1 198/166/1 166/134/1
f 198/166/1 199/167/1 167/135/1
f 199/167/1 200/168/1 168/136/1
f 200/168/1 201/169/1 169/137/1
f 201/169/1 202/170/1 170/138/1
f 202/170/1 203/171/1 171/139/1
f 203/171/1 204/172/1 172/140/1
f 204/172/1 205/173/1 173/141/1
f 205/173/1 206/174/1 174/142/1
f 206/174/1 207/175/1 175/143/1
f 207/175/1 208/176/1 176/144/1
f 208/176/1 209/177/1 177/145/1
f 209/177/1 210/178/1 178/146/1
f 210/178/1 211/179/1 179/147/1
f 211/179/1 212/180/1 180/148/1
f 212/180/1 213/181/1 181/149/1
f 213/181/1 214/182/1 182/150/1
f 214/182/1 215/183/1 183/151/1
f 215/183/1 216/184/1 184/152/1
f 216/184/1 217/185/1 185/153/1
f 217/185/1 218/186/1 186/154/1
f 218/186/1 219/187/1 187/155/1
f 219/187/1 220/188/1 188/156/1
f 220/188/1 221/189/1 189/157/1
f 221/189/1 222/190/1 190/158/1
f 222/190/1 223/191/1 191/159/1
f 223/191/1 224/192/1 192/160/1
f 224/192/1 225/193/1 193/161/1
f 225/193/1 226/194/1 194/162/1
f 226/194/1 227/195/1 195/163/1
f 227/195/1 228/9/1 196/7/1
f 40/196/1 229/197/1 197/165/1
f 229/197/1 230/198/1 198/166/1
f 230/198/1 231/199/1 199/167/1
f 231/199/1 232/200/1 200/168/1
f 232/200/1 233/201/1 201/169/1
f 233/201/1 234/202/1 202/170/1
f 234/202/1 235/203/1 203/171/1
f 235/203/1 236/204/1 204/172/1
f 236/204/1 237/205/1 205/173/1
f 237/205/1 238/206/1 206/174/1
f 238/206/1 239/207/1 207/175/1
f 239/207/1 240/208/1 208/176/1
f 240/208/1 241/209/1 209/177/1
f 241/209/1 242/210/1 210/178/1
f 242/210/1 243/211/1 211/179/1
f 243/211/1 244/212/1 212/180/1
f 244/212/1 245/213/1 213/181/1
f 245/213/1 246/214/1 214/182/1
f 246/214/1 247/215/1 215/183/1
f 247/215/1 248/216/1 216/184/1
f 248/216/1 249/217/1 217/185/1
f 249/217/1 250/218/1 218/186/1
f 250/218/1 251/219/1 219/187/1
f 251/219/1 252/220/1 220/188/1
f 252/220/1 253/221/1 221/189/1
f 253/221/1 254/222/1 222/190/1
f 254/222/1 255/223/1 223/191/1
f 255/223/1 256/224/1 224/192/1
f 256/224/1 257/225/1 225/193/1
f 257/225/1 258/226/1 226/194/1
f 258/226/1 259/227/1 227/195/1
f 259/227/1 260/11/1 228/9/1
f 41/228/1 261/229/1 229/197/1
f 261/229/1 262/230/1 230/198/1
f 262/230/1 263/231/1 231/199/1
f 263/231/1 264/232/1 232/200/1
f 264/232/1 265/233/1 233/201/1
f 265/233/1 266/234/1 234/202/1
f 266/234/1 267/235/1 235/203/1
f 267/235/1 268/236/1 236/204/1
f 268/236/1 269/237/1 237/205/1
f 269/237/1 270/238/1 238/206/1
f 270/238/1 271/239/1 239/207/1
f 271/239/1 272/240/1 240/208/1
f 272/240/1 273/241/1 241/209/1
f 273/241/1 274/242/1 242/210/1
f 274/242/1 275/243/1 243/211/1
f 275/243/1 276/244/1 244/212/1
f 276/244/1 277/245/1 245/213/1
f 277/245/1 278/246/1 246/214/1
f 278/246/1 279/247/1 247/215/1
f 279/247/1 280/248/1 248/216/1
f 280/248/1 281/249/1 249/217/1
f 281/249/1 282/250/1 250/218/1
f 282/250/1 283/251/1 251/219/1
f 283/251/1 284/252/1 252/220/1
f 284/252/1 285/253/1 253/221/1
f 285/253/1 286/254/1 254/222/1
f 286/254/1 287/255/1 255/223/1
f 287/255/1 288/256/1 256/224/1
f 288/256/1 289/257/1 257/225/1
f 289/257/1 290/258/1 258/226/1
f 290/258/1 291/259/1 259/227/1
f 291/259/1 292/13/1 260/11/1
f 42/260/1 293/261/1 261/229/1
f 293/261/1 294/262/1 262/230/1
f 294/262/1 295/263/1 263/231/1
f 295/263/1 296/264/1 264/232/1
f 296/264/1 297/265/1 265/233/1
f 297/265/1 298/266/1 266/234/1
f 298/266/1 299/267/1 267/235/1
f 299/267/1 300/268/1 268/236/1
f 300/268/1 301/269/1 269/237/1
f 301/269/1 302/270/1 270/238/1
f 302/270/1 303/271/1 271/239/1
f 303/271/1 304/272/1 272/240/1
f 304/272/1 305/273/1 273/241/1
f 305/273/1 306/274/1 274/242/1
f 306/274/1 307/275/1 275/243/1
f 307/275/1 308/276/1 276/244/1
f 308/276/1 309/277/1 277/245/1
f 309/277/1 310/278/1 278/246/1
f 310/278/1 311/279/1 279/247/1
f 311/279/1 312/280/1 280/248/1
f 312/280/1 313/281/1 281/249/1
f 313/281/1 314/282/1 282/250/1
f 314/282/1 315/283/1 283/251/1
f 315/283/1 316/284/1 284/252/1
f 316/284/1 317/285/1 285/253/1
f 317/285/1 318/286/1 286/254/1
f 318/286/1 319/287/1 287/255/1
f 319/287/1 320/288/1 288/256/1
f 320/288/1 321/289/1 289/257/1
f 321/289/1 322/290/1 290/258/1
f 322/290/1 323/291/1 291/259/1
f 323/291/1 324/15/1 292/13/1
f 43/292/1 325/293/1 293/261/1
f 325/293/1 326/294/1 294/262/1
f 326/294/1 327/295/1 295/263/1
f 327/295/1 328/296/1 296/264/1
f 328/296/1 329/297/1 297/265/1
f 329/297/1 330/298/1 298/266/1
f 330/298/1 331/299/1 299/267/1
f 331/299/1 332/300/1 300/268/1
f 332/300/1 333/301/1 301/269/1
f 333/301/1 334/302/1 302/270/1
f 334/302/1 335/303/1 303/271/1
f 335/303/1 336/304/1 304/272/1
f 336/304/1 337/305/1 305/273/1
f 337/305/1 338/306/1 306/274/1
f 338/306/1 339/307/1 307/275/1
f 339/307/1 340/308/1 308/276/1
f 340/308/1 341/309/1 309/277/1
f 341/309/1 342/310/1 310/278/1
f 342/310/1 343/311/1 311/279/1
f 343/311/1 344/312/1 312/280/1
f 344/312/1 345/313/1 313/281/1
f 345/313/1 346/314/1 314/282/1
f 346/314/1 347/315/1 315/283/1
f 347/315/1 348/316/1 316/284/1
f 348/316/1 349/317/1 317/285/1
f 349/317/1 350/318/1 318/286/1
f 350/318/1 351/319/1 319/287/1
f 351/319/1 352/320/1 320/288/1
f 352/320/1 353/321/1 321/289/1
f 353/321/1 354/322/1 322/290/1
f 354/322/1 355/323/1 323/291/1
f 355/323/1 356/17/1 324/15/1
f 44/324/1 357/325/1 325/293/1
f 357/325/1 358/326/1 326/294/1
f 358/326/1 359/327/1 327/295/1
f 359/327/1 360/328/1 328/296/1
f 360/328/1 361/329/1 329/297/1
f 361/329/1 362/330/1 330/298/1
f 362/330/1 363/331/1 331/299/1
f 363/331/1 364/332/1 332/300/1
f 364/332/1 365/333/1 333/301/1
f 365/333/1 366/334/1 334/302/1
f 366/334/1 367/335/1 335/303/1
f 367/335/1 368/336/1 336/304/1
f 368/336/1 369/337/1 337/305/1
f 369/337/1 370/338/1 338/306/1
f 370/338/1 371/339/1 339/307/1
f 371/339/1 372/340/1 340/308/1
f 372/340/1 373/341/1 341/309/1
f 373/341/1 374/342/1 342/310/1
f 374/342/1 375/343/1 343/311/1
f 375/343/1 376/344/1 344/312/1
f 376/344/1 377/345/1 345/313/1
f 377/345/1 378/346/1 346/314/1
f 378/346/1 379/347/1 347/315/1
f 379/347/1 380/348/1 348/316/1
f 380/348/1 381/349/1 349/317/1
f 381/349/1 382/350/1 350/318/1
f 382/350/1 383/351/1 351/319/1
f 383/351/1 384/352/1 352/320/1
f 384/352/1 385/353/1 353/321/1
f 385/353/1 386/354/1 354/322/1
f 386/354/1 387/355/1 355/323/1
f 387/355/1 388/19/1 356/17/1
f 45/356/1 389/357/1 357/325/1
f 389/357/1 390/358/1 358/326/1
f 390/358/1 391/359/1 359/327/1
f 391/359/1 392/360/1 360/328/1
f 392/360/1 393/361/1 361/329/1
f 393/361/1 394/362/1 362/330/1
f 394/362/1 395/363/1 363/331/1
f 395/363/1 396/364/1 364/332/1
f 396/364/1 397/365/1 365/333/1
f 397/365/1 398/366/1 366/334/1
f 398/366/1 399/367/1 367/335/1
f 399/367/1 400/368/1 368/336/1
f 400/368/1 401/369/1 369/337/1
f 401/369/1 402/370/1 370/338/1
f 402/370/1 403/371/1 371/339/1
f 403/371/1 404/372/1 372/340/1
f 404/372/1 405/373/1 373/341/1
f 405/373/1 406/374/1 374/342/1
f 406/374/1 407/375/1 375/343/1
f 407/375/1 408/376/1 376/344/1
f 408/376/1 409/377/1 377/345/1
f 409/377/1 410/378/1 378/346/1
f 410/378/1 411/379/1 379/347/1
f 411/379/1 412/380/1 380/348/1
f 412/380/1 413/381/1 381/349/1
f 413/381/1 414/382/1 382/350/1
f 414/382/1 415/383/1 383/351/1
f 415/383/1 416/384/1 384/352/1
f 416/384/1 417/385/1 385/353/1
f 417/385/1 418/386/1 386/354/1
f 418/386/1 419/387/1 387/355/1
f 419/387/1 420/21/1 388/19/1
f 46/388/1 421/389/1 389/357/1
f 421/389/1 422/390/1 390/358/1
f 422/390/1 423/391/1 391/359/1
f 423/391/1 424/392/1 392/360/1
f 424/392/1 425/393/1 393/361/1
f 425/393/1 426/394/1 394/362/1
f 426/394/1 427/395/1 395/363/1
f 427/395/1 428/396/1 396/364/1
f 428/396/1 429/397/1 397/365/1
f 429/397/1 430/398/1 398/366/1
f 430/398/1 431/399/1 399/367/1
f 431/399/1 432/400/1 400/368/1
f 432/400/1 433/401/1 401/369/1
f 433/401/1 434/402/1 402/370/1
f 434/402/1 435/403/1 403/371/1
f 435/403/1 436/404/1 404/372/1
f 436/404/1 437/405/1 405/373/1
f 437/405/1 438/406/1 406/374/1
f 438/406/1 439/407/1 407/375/1
f 439/407/1 440/408/1 408/376/1
f 440/408/1 441/409/1 409/377/1
f 441/409/1 442/410/1 410/378/1
f 442/410/1 443/411/1 411/379/1
f 443/411/1 444/412/1 412/380/1
f 444/412/1 445/413/1 413/381/1
f 445/413/1 446/414/1 414/382/1
f 446/414/1 447/415/1 415/383/1
f 447/415/1 448/416/1 416/384/1
f 448/416/1 449/417/1 417/385/1
f 449/417/1 450/418/1 418/386/1
f 450/418/1 451/419/1 419/387/1
f 451/419/1 452/25/1 420/21/1
f 47/420/1 453/421/1 421/389/1
f 453/421/1 454/422/1 422/390/1
f 454/422/1 455/423/1 423/391/1
f 455/423/1 456/424/1 424/392/1
f 456/424/1 457/425/1 425/393/1
f 457/425/1 458/426/1 426/394/1
f 458/426/1 459/427/1 427/395/1
f 459/427/1 460/428/1 428/396/1
f 460/428/1 461/429/1 429/397/1
f 461/429/1 462/430/1 430/398/1
f 462/430/1 463/431/1 431/399/1
f 463/431/1 464/432/1 432/400/1
f 464/432/1 465/433/1 433/401/1
f 465/433/1 466/434/1 434/402/1
f 466/434/1 467/435/1 435/403/1
f 467/435/1 468/436/1 436/404/1
f 468/436/1 469/437/1 437/405/1
f 469/437/1 470/438/1 438/406/1
f 470/438/1 471/439/1 439/407/1
f 471/439/1 472/440/1 440/408/1
f 472/440/1 473/441/1 441/409/1
f 473/441/1 474/442/1 442/410/1
f 474/442/1 475/443/1 443/411/1
f 475/443/1 476/444/1 444/412/1
f 476/444/1 477/445/1 445/413/1
f 477/445/1 478/446/1 446/414/1
f 478/446/1 479/447/1 447/415/1
f 479/447/1 480/448/1 448/416/1
f 480/448/1 481/449/1 449/417/1
f 481/449/1 482/450/1 450/418/1
f 482/450/1 483/451/1 451/419/1
f 483/451/1 484/27/1 452/25/1
f 48/452/1 485/453/1 453/421/1
f 485/453/1 486/454/1 454/422/1
f 486/454/1 487/455/1 455/423/1
f 487/455/1 488/456/1 456/424/1
f 488/456/1 489/457/1 457/425/1
f 489/457/1 490/458/1 458/426/1
f 490/458/1 491/459/1 459/427/1
f 491/459/1 492/460/1 460/428/1
f 492/460/1 493/461/1 461/429/1
f 493/461/1 494/462/1 462/430/1
f 494/462/1 495/463/1 463/431/1
f 495/463/1 496/464/1 464/432/1
f 496/464/1 497/465/1 465/433/1
f 497/465/1 498/466/1 466/434/1
f 498/466/1 499/467/1 467/435/1
f 499/467/1 500/468/1 468/436/1
f 500/468/1 501/469/1 469/437/1
f 501/469/1 502/470/1 470/438/1
f 502/470/1 503/471/1 471/439/1
f 503/471/1 504/472/1 472/440/1
f 504/472/1 505/473/1 473/441/1
f 505/473/1 506/474/1 474/442/1
f 506/474/1 507/475/1 475/443/1
f 507/475/1 508/476/1 476/444/1
f 508/476/1 509/477/1 477/445/1
f 509/477/1 510/478/1 478/446/1
f 510/478/1 511/479/1 479/447/1
f 511/479/1 512/480/1 480/448/1
f 512/480/1 513/481/1 481/449/1
f 513/481/1 514/482/1 482/450/1
f 514/482/1 515/483/1 483/451/1
f 515/483/1 516/29/1 484/27/1
f 49/484/1 517/485/1 485/453/1
f 517/485/1 518/486/1 486/454/1
f 518/486/1 519/487/1 487/455/1
f 519/487/1 520/488/1 488/456/1
f 520/488/1 521/489/1 489/457/1
f 521/489/1 522/490/1 490/458/1
f 522/490/1 523/491/1 491/459/1
f 523/491/1 524/492/1 492/460/1
f 524/492/1 525/493/1 493/461/1
f 525/493/1 526/494/1 494/462/1
f 526/494/1 527/495/1 495/463/1
f 527/495/1 528/496/1 496/464/1
f 528/496/1 529/497/1 497/465/1
f 529/497/1 530/498/1 498/466/1
f 530/498/1 531/499/1 499/467/1
f 531/499/1 532/500/1 500/468/1
f 532/500/1 533/501/1 501/469/1
f 533/501/1 534/502/1 502/470/1
f 534/502/1 535/503/1 503/471/1
f 535/503/1 536/504/1 504/472/1
f 536/504/1 537/505/1 505/473/1
f 537/505/1 538/506/1 506/474/1
f 538/506/1 539/507/1 507/475/1
f 539/507/1 540/508/1 508/476/1
f 540/508/1 541/509/1 509/477/1
f 541/509/1 542/510/1 510/478/1
f 542/510/1 543/511/1 511/479/1
f 543/511/1 544/512/1 512/480/1
f 544/512/1 545/513/1 513/481/1
f 545/513/1 546/514/1 514/482/1
f 546/514/1 547/515/1 515/483/1
f 547/515/1 548/31/1 516/29/1
f 50/516/1 549/517/1 517/485/1
f 549/517/1 550/518/1 518/486/1
f 550/518/1 551/519/1 519/487/1
f 551/519/1 552/520/1 520/488/1
f 552/520/1 553/521/1 521/489/1
f 553/521/1 554/522/1 522/490/1
f 554/522/1 555/523/1 523/491/1
f 555/523/1 556/524/1 524/492/1
f 556/524/1 557/525/1 525/493/1
f 557/525/1 558/526/1 526/494/1
f 558/526/1 559/527/1 527/495/1
f 559/527/1 560/528/1 528/496/1
f 560/528/1 561/529/1 529/497/1
f 561/529/1 562/530/1 530/498/1
f 562/530/1 563/531/1 531/499/1
f 563/531/1 564/532/1 532/500/1
f 564/532/1 565/533/1 533/501/1
f 565/533/1 566/534/1 534/502/1
f 566/534/1 567/535/1 535/503/1
f 567/535/1 568/536/1 536/504/1
f 568/536/1 569/537/1 537/505/1
f 569/537/1 570/538/1 538/506/1
f 570/538/1 571/539/1 539/507/1
f 571/539/1 572/540/1 540/508/1
f 572/540/1 573/541/1 541/509/1
f 573/541/1 574/542/1 542/510/1
f 574/542/1 575/543/1 543/511/1
f 575/543/1 576/575/1 544/512/1
f 544/512/1 576/575/1 577/544/1
f 545/513/1 577/544/1 578/545/1
f 578/545/1 579/546/1 547/515/1
f 579/546/1 580/34/1 548/31/1
f 51/547/1 581/548/1 549/517/1
f 581/548/1 582/549/1 550/518/1
f 582/549/1 583/550/1 551/519/1
f 583/550/1 584/551/1 552/520/1
f 584/551/1 585/552/1 553/521/1
f 585/552/1 586/553/1 554/522/1
f 586/553/1 587/554/1 555/523/1
f 587/554/1 588/555/1 556/524/1
f 588/555/1 589/556/1 557/525/1
f 589/556/1 590/557/1 558/526/1
f 590/557/1 591/558/1 559/527/1
f 591/558/1 592/559/1 560/528/1
f 592/559/1 593/560/1 561/529/1
f 593/560/1 594/561/1 562/530/1
f 594/561/1 595/562/1 563/531/1
f 595/562/1 596/563/1 564/532/1
f 596/563/1 597/564/1 565/533/1
f 597/564/1 598/565/1 566/534/1
f 598/565/1 599/566/1 567/535/1
f 599/566/1 600/567/1 568/536/1
f 600/567/1 601/568/1 569/537/1
f 601/568/1 602/569/1 570/538/1
f 602/569/1 603/570/1 571/539/1
f 603/570/1 604/571/1 572/540/1
f 604/571/1 605/572/1 573/541/1
f 605/572/1 606/573/1 574/542/1
f 606/573/1 607/574/1 575/543/1
f 607/574/1 608/576/1 576/575/1
f 608/576/1 609/577/1 577/544/1
f 609/577/1 610/578/1 578/545/1
f 610/578/1 611/579/1 579/546/1
f 611/579/1 612/33/1 580/34/1
f 52/580/1 613/581/1 581/548/1
f 613/581/1 614/582/1 582/549/1
f 614/582/1 615/583/1 583/550/1
f 615/583/1 616/584/1 584/551/1
f 616/584/1 617/585/1 585/552/1
f 617/585/1 618/586/1 586/553/1
f 618/586/1 619/587/1 587/554/1
f 619/587/1 620/588/1 588/555/1
f 620/588/1 621/589/1 589/556/1
f 621/589/1 622/590/1 590/557/1
f 622/590/1 623/591/1 591/558/1
f 623/591/1 624/592/1 592/559/1
f 624/592/1 625/593/1 593/560/1
f 625/593/1 626/594/1 594/561/1
f 626/594/1 627/595/1 595/562/1
f 627/595/1 628/596/1 596/563/1
f 628/596/1 629/597/1 597/564/1
f 629/597/1 630/627/1 598/565/1
f 598/565/1 630/627/1 631/598/1
f 631/598/1 632/599/1 600/567/1
f 632/599/1 633/600/1 601/568/1
f 633/600/1 634/632/1 602/569/1
f 602/569/1 634/632/1 635/601/1
f 635/601/1 636/602/1 604/571/1
f 636/602/1 637/603/1 605/572/1
f 637/603/1 638/604/1 606/573/1
f 638/604/1 639/605/1 607/574/1
f 639/605/1 640/606/1 608/576/1
f 640/606/1 641/607/1 609/577/1
f 641/607/1 642/608/1 610/578/1
f 642/608/1 643/642/1 611/579/1
f 611/579/1 643/642/1 644/35/1
f 53/609/1 645/610/1 613/581/1
f 645/610/1 646/611/1 614/582/1
f 646/611/1 647/612/1 615/583/1
f 647/612/1 648/613/1 616/584/1
f 648/613/1 649/614/1 617/585/1
f 649/614/1 650/615/1 618/586/1
f 650/615/1 651/616/1 619/587/1
f 651/616/1 652/617/1 620/588/1
f 652/617/1 653/618/1 621/589/1
f 653/618/1 654/619/1 622/590/1
f 654/619/1 655/620/1 623/591/1
f 655/620/1 656/621/1 624/592/1
f 656/621/1 657/622/1 625/593/1
f 657/622/1 658/623/1 626/594/1
f 658/623/1 659/624/1 627/595/1
f 659/624/1 660/625/1 628/596/1
f 660/625/1 661/626/1 629/597/1
f 661/626/1 662/628/1 630/627/1
f 662/628/1 663/629/1 631/598/1
f 663/629/1 664/630/1 632/599/1
f 664/630/1 665/631/1 633/600/1
f 665/631/1 666/633/1 634/632/1
f 666/633/1 667/634/1 635/601/1
f 667/634/1 668/635/1 636/602/1
f 668/635/1 669/636/1 637/603/1
f 669/636/1 670/637/1 638/604/1
f 670/637/1 671/638/1 639/605/1
f 671/638/1 672/639/1 640/606/1
f 672/639/1 673/640/1 641/607/1
f 673/640/1 674/641/1 642/608/1
f 674/641/1 675/643/1 643/642/1
f 675/643/1 676/37/1 644/35/1
f 54/644/1 677/645/1 645/610/1
f 677/645/1 678/646/1 646/611/1
f 678/646/1 679/647/1 647/612/1
f 679/647/1 680/648/1 648/613/1
f 680/648/1 681/649/1 649/614/1
f 681/649/1 682/650/1 650/615/1
f 682/650/1 683/651/1 651/616/1
f 683/651/1 684/682/1 652/617/1
f 652/617/1 684/682/1 685/652/1
f 685/652/1 686/653/1 654/619/1
f 686/653/1 687/654/1 655/620/1
f 687/654/1 688/655/1 656/621/1
f 688/655/1 689/656/1 657/622/1
f 689/656/1 690/657/1 658/623/1
f 690/657/1 691/658/1 659/624/1
f 691/658/1 692/659/1 660/625/1
f 692/659/1 693/660/1 661/626/1
f 693/660/1 694/661/1 662/628/1
f 694/661/1 695/662/1 663/629/1
f 695/662/1 696/663/1 664/630/1
f 696/663/1 697/664/1 665/631/1
f 697/664/1 698/665/1 666/633/1
f 698/665/1 699/666/1 667/634/1
f 699/666/1 700/667/1 668/635/1
f 700/667/1 701/668/1 669/636/1
f 701/668/1 702/700/1 670/637/1
f 670/637/1 702/700/1 703/669/1
f 703/669/1 704/670/1 672/639/1
f 704/670/1 705/671/1 673/640/1
f 705/671/1 706/672/1 674/641/1
f 706/672/1 707/673/1 675/643/1
f 707/673/1 708/39/1 676/37/1
f 55/674/1 709/675/1 677/645/1
f 709/675/1 710/676/1 678/646/1
f 710/676/1 711/677/1 679/647/1
f 711/677/1 712/678/1 680/648/1
f 712/678/1 713/679/1 681/649/1
f 713/679/1 714/680/1 682/650/1
f 714/680/1 715/681/1 683/651/1
f 715/681/1 716/683/1 684/682/1
f 716/683/1 717/684/1 685/652/1
f 717/684/1 718/685/1 686/653/1
f 718/685/1 719/686/1 687/654/1
f 719/686/1 720/687/1 688/655/1
f 720/687/1 721/688/1 689/656/1
f 721/688/1 722/689/1 690/657/1
f 722/689/1 723/690/1 691/658/1
f 723/690/1 724/691/1 692/659/1
f 724/691/1 725/692/1 693/660/1
f 725/692/1 726/693/1 694/661/1
f 726/693/1 727/694/1 695/662/1
f 727/694/1 728/695/1 696/663/1
f 728/695/1 729/696/1 697/664/1
f 729/696/1 730/697/1 698/665/1
f 730/697/1 731/728/1 699/666/1
f 699/666/1 731/728/1 732/698/1
f 732/698/1 733/699/1 701/668/1
f 733/699/1 734/701/1 702/700/1
f 734/701/1 735/733/1 703/669/1
f 703/669/1 735/733/1 736/702/1
f 736/702/1 737/703/1 705/671/1
f 737/703/1 738/736/1 706/672/1
f 706/672/1 738/736/1 739/704/1
f 739/704/1 740/41/1 708/39/1
f 56/705/1 741/706/1 709/675/1
f 741/706/1 742/707/1 710/676/1
f 742/707/1 743/708/1 711/677/1
f 743/708/1 744/709/1 712/678/1
f 744/709/1 745/710/1 713/679/1
f 745/710/1 746/711/1 714/680/1
f 746/711/1 747/712/1 715/681/1
f 747/712/1 748/713/1 716/683/1
f 748/713/1 749/714/1 717/684/1
f 749/714/1 750/715/1 718/685/1
f 750/715/1 751/716/1 719/686/1
f 751/716/1 752/717/1 720/687/1
f 752/717/1 753/718/1 721/688/1
f 753/718/1 754/719/1 722/689/1
f 754/719/1 755/720/1 723/690/1
f 755/720/1 756/721/1 724/691/1
f 756/721/1 757/722/1 725/692/1
f 757/722/1 758/723/1 726/693/1
f 758/723/1 759/724/1 727/694/1
f 759/724/1 760/725/1 728/695/1
f 760/725/1 761/726/1 729/696/1
f 761/726/1 762/727/1 730/697/1
f 762/727/1 763/729/1 731/728/1
f 763/729/1 764/730/1 732/698/1
f 764/730/1 765/731/1 733/699/1
f 765/731/1 766/732/1 734/701/1
f 766/732/1 767/765/1 735/733/1
f 735/733/1 767/765/1 768/734/1
f 768/734/1 769/735/1 737/703/1
f 769/735/1 770/769/1 738/736/1
f 738/736/1 770/769/1 771/737/1
f 739/704/1 771/737/1 772/43/1
f 57/738/1 773/739/1 741/706/1
f 773/739/1 774/740/1 742/707/1
f 774/740/1 775/741/1 743/708/1
f 775/741/1 776/742/1 744/709/1
f 776/742/1 777/743/1 745/710/1
f 777/743/1 778/744/1 746/711/1
f 778/744/1 779/745/1 747/712/1
f 779/745/1 780/746/1 748/713/1
f 780/746/1 781/747/1 749/714/1
f 781/747/1 782/748/1 750/715/1
f 782/748/1 783/749/1 751/716/1
f 783/749/1 784/750/1 752/717/1
f 784/750/1 785/751/1 753/718/1
f 785/751/1 786/752/1 754/719/1
f 786/752/1 787/753/1 755/720/1
f 787/753/1 788/754/1 756/721/1
f 788/754/1 789/755/1 757/722/1
f 789/755/1 790/756/1 758/723/1
f 790/756/1 791/757/1 759/724/1
f 791/757/1 792/758/1 760/725/1
f 792/758/1 793/759/1 761/726/1
f 793/759/1 794/760/1 762/727/1
f 794/760/1 795/761/1 763/729/1
f 795/761/1 796/762/1 764/730/1
f 796/762/1 797/763/1 765/731/1
f 797/763/1 798/764/1 766/732/1
f 798/764/1 799/766/1 767/765/1
f 799/766/1 800/767/1 768/734/1
f 800/767/1 801/768/1 769/735/1
f 801/768/1 802/801/1 770/769/1
f 770/769/1 802/801/1 803/770/1
f 771/737/1 803/770/1 804/45/1
f 58/771/1 805/772/1 773/739/1
f 805/772/1 806/773/1 774/740/1
f 806/773/1 807/774/1 775/741/1
f 807/774/1 808/775/1 776/742/1
f 808/775/1 809/776/1 777/743/1
f 809/776/1 810/777/1 778/744/1
f 810/777/1 811/778/1 779/745/1
f 811/778/1 812/779/1 780/746/1
f 812/779/1 813/780/1 781/747/1
f 813/780/1 814/781/1 782/748/1
f 814/781/1 815/782/1 783/749/1
f 815/782/1 816/783/1 784/750/1
f 816/783/1 817/784/1 785/751/1
f 817/784/1 818/785/1 786/752/1
f 818/785/1 819/786/1 787/753/1
f 819/786/1 820/787/1 788/754/1
f 820/787/1 821/788/1 789/755/1
f 821/788/1 822/789/1 790/756/1
f 822/789/1 823/790/1 791/757/1
f 823/790/1 824/791/1 792/758/1
f 824/791/1 825/792/1 793/759/1
f 825/792/1 826/793/1 794/760/1
f 826/793/1 827/794/1 795/761/1
f 827/794/1 828/795/1 796/762/1
f 828/795/1 829/796/1 797/763/1
f 829/796/1 830/797/1 798/764/1
f 830/797/1 831/798/1 799/766/1
f 831/798/1 832/799/1 800/767/1
f 832/799/1 833/800/1 801/768/1
f 833/800/1 834/802/1 802/801/1
f 834/802/1 835/834/1 803/770/1
f 803/770/1 835/834/1 836/47/1
f 59/803/1 837/804/1 805/772/1
f 837/804/1 838/805/1 806/773/1
f 838/805/1 839/806/1 807/774/1
f 839/806/1 840/807/1 808/775/1
f 840/807/1 841/808/1 809/776/1
f 841/808/1 842/809/1 810/777/1
f 842/809/1 843/810/1 811/778/1
f 843/810/1 844/811/1 812/779/1
f 844/811/1 845/812/1 813/780/1
f 845/812/1 846/813/1 814/781/1
f 846/813/1 847/814/1 815/782/1
f 847/814/1 848/815/1 816/783/1
f 848/815/1 849/816/1 817/784/1
f 849/816/1 850/817/1 818/785/1
f 850/817/1 851/818/1 819/786/1
f 851/818/1 852/819/1 820/787/1
f 852/819/1 853/820/1 821/788/1
f 853/820/1 854/821/1 822/789/1
f 854/821/1 855/822/1 823/790/1
f 855/822/1 856/823/1 824/791/1
f 856/823/1 857/824/1 825/792/1
f 857/824/1 858/825/1 826/793/1
f 858/825/1 859/826/1 827/794/1
f 859/826/1 860/827/1 828/795/1
f 860/827/1 861/828/1 829/796/1
f 861/828/1 862/829/1 830/797/1
f 862/829/1 863/830/1 831/798/1
f 863/830/1 864/831/1 832/799/1
f 864/831/1 865/832/1 833/800/1
f 865/832/1 866/833/1 834/802/1
f 866/833/1 867/866/1 835/834/1
f 835/834/1 867/866/1 868/49/1
f 60/835/1 869/836/1 837/804/1
f 869/836/1 870/837/1 838/805/1
f 870/837/1 871/838/1 839/806/1
f 871/838/1 872/839/1 840/807/1
f 872/839/1 873/840/1 841/808/1
f 873/840/1 874/841/1 842/809/1
f 874/841/1 875/842/1 843/810/1
f 875/842/1 876/843/1 844/811/1
f 876/843/1 877/844/1 845/812/1
f 877/844/1 878/845/1 846/813/1
f 878/845/1 879/846/1 847/814/1
f 879/846/1 880/847/1 848/815/1
f 880/847/1 881/848/1 849/816/1
f 881/848/1 882/849/1 850/817/1
f 882/849/1 883/850/1 851/818/1
f 883/850/1 884/851/1 852/819/1
f 884/851/1 885/852/1 853/820/1
f 885/852/1 886/853/1 854/821/1
f 886/853/1 887/854/1 855/822/1
f 887/854/1 888/855/1 856/823/1
f 888/855/1 889/856/1 857/824/1
f 889/856/1 890/857/1 858/825/1
f 890/857/1 891/858/1 859/826/1
f 891/858/1 892/859/1 860/827/1
f 892/859/1 893/860/1 861/828/1
f 893/860/1 894/861/1 862/829/1
f 894/861/1 895/862/1 863/830/1
f 895/862/1 896/863/1 864/831/1
f 896/863/1 897/864/1 865/832/1
f 897/864/1 898/865/1 866/833/1
f 898/865/1 899/898/1 867/866/1
f 867/866/1 899/898/1 900/51/1
f 61/867/1 901/868/1 869/836/1
f 901/868/1 902/869/1 870/837/1
f 902/869/1 903/870/1 871/838/1
f 903/870/1 904/871/1 872/839/1
f 904/871/1 905/872/1 873/840/1
f 905/872/1 906/873/1 874/841/1
f 906/873/1 907/874/1 875/842/1
f 907/874/1 908/875/1 876/843/1
f 908/875/1 909/876/1 877/844/1
f 909/876/1 910/877/1 878/845/1
f 910/877/1 911/878/1 879/846/1
f 911/878/1 912/879/1 880/847/1
f 912/879/1 913/880/1 881/848/1
f 913/880/1 914/881/1 882/849/1
f 914/881/1 915/882/1 883/850/1
f 915/882/1 916/883/1 884/851/1
f 916/883/1 917/884/1 885/852/1
f 917/884/1 918/885/1 886/853/1
f 918/885/1 919/886/1 887/854/1
f 919/886/1 920/887/1 888/855/1
f 920/887/1 921/888/1 889/856/1
f 921/888/1 922/889/1 890/857/1
f 922/889/1 923/890/1 891/858/1
f 923/890/1 924/891/1 892/859/1
f 924/891/1 925/892/1 893/860/1
f 925/892/1 926/893/1 894/861/1
f 926/893/1 927/894/1 895/862/1
f 927/894/1 928/895/1 896/863/1
f 928/895/1 929/896/1 897/864/1
f 929/896/1 930/897/1 898/865/1
f 930/897/1 931/899/1 899/898/1
f 931/899/1 932/53/1 900/51/1
f 62/900/1 933/901/1 901/868/1
f 933/901/1 934/902/1 902/869/1
f 934/902/1 935/903/1 903/870/1
f 935/903/1 936/904/1 904/871/1
f 936/904/1 937/905/1 905/872/1
f 937/905/1 938/906/1 906/873/1
f 938/906/1 939/907/1 907/874/1
f 939/907/1 940/908/1 908/875/1
f 940/908/1 941/909/1 909/876/1
f 941/909/1 942/910/1 910/877/1
f 942/910/1 943/911/1 911/878/1
f 943/911/1 944/912/1 912/879/1
f 944/912/1 945/913/1 913/880/1
f 945/913/1 946/914/1 914/881/1
f 946/914/1 947/915/1 915/882/1
f 947/915/1 948/916/1 916/883/1
f 948/916/1 949/917/1 917/884/1
f 949/917/1 950/918/1 918/885/1
f 950/918/1 951/919/1 919/886/1
f 951/919/1 952/920/1 920/887/1
f 952/920/1 953/921/1 921/888/1
f 953/921/1 954/922/1 922/889/1
f 954/922/1 955/923/1 923/890/1
f 955/923/1 956/924/1 924/891/1
f 956/924/1 957/925/1 925/892/1
f 957/925/1 958/926/1 926/893/1
f 958/926/1 959/927/1 927/894/1
f 959/927/1 960/928/1 928/895/1
f 960/928/1 961/929/1 929/896/1
f 961/929/1 962/930/1 930/897/1
f 962/930/1 963/931/1 931/899/1
f 963/931/1 964/55/1 932/53/1
f 63/932/1 965/933/1 933/901/1
f 965/933/1 966/934/1 934/902/1
f 966/934/1 967/935/1 935/903/1
f 967/935/1 968/936/1 936/904/1
f 968/936/1 969/937/1 937/905/1
f 969/937/1 970/938/1 938/906/1
f 970/938/1 971/939/1 939/907/1
f 971/939/1 972/940/1 940/908/1
f 972/940/1 973/941/1 941/909/1
f 973/941/1 974/942/1 942/910/1
f 974/942/1 975/943/1 943/911/1
f 975/943/1 976/944/1 944/912/1
f 976/944/1 977/945/1 945/913/1
f 977/945/1 978/946/1 946/914/1
f 978/946/1 979/947/1 947/915/1
f 979/947/1 980/948/1 948/916/1
f 980/948/1 981/949/1 949/917/1
f 981/949/1 982/950/1 950/918/1
f 982/950/1 983/951/1 951/919/1
f 983/951/1 984/952/1 952/920/1
f 984/952/1 985/953/1 953/921/1
f 985/953/1 986/954/1 954/922/1
f 986/954/1 987/955/1 955/923/1
f 987/955/1 988/956/1 956/924/1
f 988/956/1 989/957/1 957/925/1
f 989/957/1 990/958/1 958/926/1
f 990/958/1 991/959/1 959/927/1
f 991/959/1 992/960/1 960/928/1
f 992/960/1 993/961/1 961/929/1
f 993/961/1 994/962/1 962/930/1
f 994/962/1 995/963/1 963/931/1
f 995/963/1 996/57/1 964/55/1
f 64/964/1 997/965/1 965/933/1
f 997/965/1 998/966/1 966/934/1
f 998/966/1 999/967/1 967/935/1
f 999/967/1 1000/968/1 968/936/1
f 1000/968/1 1001/969/1 969/937/1
f 1001/969/1 1002/970/1 970/938/1
f 1002/970/1 1003/971/1 971/939/1
f 1003/971/1 1004/972/1 972/940/1
f 1004/972/1 1005/973/1 973/941/1
f 1005/973/1 1006/974/1 974/942/1
f 1006/974/1 1007/975/1 975/943/1
f 1007/975/1 1008/976/1 976/944/1
f 1008/976/1 1009/977/1 977/945/1
f 1009/977/1 1010/978/1 978/946/1
f 1010/978/1 1011/979/1 979/947/1
f 1011/979/1 1012/980/1 980/948/1
f 1012/980/1 1013/981/1 981/949/1
f 1013/981/1 1014/982/1 982/950/1
f 1014/982/1 1015/983/1 983/951/1
f 1015/983/1 1016/984/1 984/952/1
f 1016/984/1 1017/985/1 985/953/1
f 1017/985/1 1018/986/1 986/954/1
f 1018/986/1 1019/987/1 987/955/1
f 1019/987/1 1020/988/1 988/956/1
f 1020/988/1 1021/989/1 989/957/1
f 1021/989/1 1022/990/1 990/958/1
f 1022/990/1 1023/991/1 991/959/1
f 1023/991/1 1024/992/1 992/960/1
f 1024/992/1 1025/993/1 993/961/1
f 1025/993/1 1026/994/1 994/962/1
f 1026/994/1 1027/995/1 995/963/1
f 1027/995/1 1028/59/1 996/57/1
f 65/996/1 1029/997/1 997/965/1
f 1029/997/1 1030/998/1 998/966/1
f 1030/998/1 1031/999/1 999/967/1
f 1031/999/1 1032/1000/1 1000/968/1
f 1032/1000/1 1033/1001/1 1001/969/1
f 1033/1001/1 1034/1002/1 1002/970/1
f 1034/1002/1 1035/1003/1 1003/971/1
f 1035/1003/1 1036/1004/1 1004/972/1
f 1036/1004/1 1037/1005/1 1005/973/1
f 1037/1005/1 1038/1006/1 1006/974/1
f 1038/1006/1 1039/1007/1 1007/975/1
f 1039/1007/1 1040/1008/1 1008/976/1
f 1040/1008/1 1041/1009/1 1009/977/1
f 1041/1009/1 1042/1010/1 1010/978/1
f 1042/1010/1 1043/1011/1 1011/979/1
f 1043/1011/1 1044/1012/1 1012/980/1
f 1044/1012/1 1045/1013/1 1013/981/1
f 1045/1013/1 1046/1014/1 1014/982/1
f 1046/1014/1 1047/1015/1 1015/983/1
f 1047/1015/1 1048/1016/1 1016/984/1
f 1048/1016/1 1049/1017/1 1017/985/1
f 1049/1017/1 1050/1018/1 1018/986/1
f 1050/1018/1 1051/1019/1 1019/987/1
f 1051/1019/1 1052/1020/1 1020/988/1
f 1052/1020/1 1053/1021/1 1021/989/1
f 1053/1021/1 1054/1022/1 1022/990/1
f 1054/1022/1 1055/1023/1 1023/991/1
f 1055/1023/1 1056/1024/1 1024/992/1
f 1056/1024/1 1057/1025/1 1025/993/1
f 1057/1025/1 1058/1026/1 1026/994/1
f 1058/1026/1 1059/1027/1 1027/995/1
f 1059/1027/1 1060/61/1 1028/59/1
f 66/1028/1 1061/1029/1 1029/997/1
f 1061/1029/1 1062/1030/1 1030/998/1
f 1062/1030/1 1063/1031/1 1031/999/1
f 1063/1031/1 1064/1032/1 1032/1000/1
f 1064/1032/1 1065/1033/1 1033/1001/1
f 1065/1033/1 1066/1034/1 1034/1002/1
f 1066/1034/1 1067/1035/1 1035/1003/1
f 1067/1035/1 1068/1036/1 1036/1004/1
f 1068/1036/1 1069/1037/1 1037/1005/1
f 1069/1037/1 1070/1038/1 1038/1006/1
f 1070/1038/1 1071/1039/1 1039/1007/1
f 1071/1039/1 1072/1040/1 1040/1008/1
f 1072/1040/1 1073/1041/1 1041/1009/1
f 1073/1041/1 1074/1042/1 1042/1010/1
f 1074/1042/1 1075/1043/1 1043/1011/1
f 1075/1043/1 1076/1044/1 1044/1012/1
f 1076/1044/1 1077/1045/1 1045/1013/1
f 1077/1045/1 1078/1046/1 1046/1014/1
f 1078/1046/1 1079/1047/1 1047/1015/1
f 1079/1047/1 1080/1048/1 1048/1016/1
f 1080/1048/1 1081/1049/1 1049/1017/1
f 1081/1049/1 1082/1050/1 1050/1018/1
f 1082/1050/1 1083/1051/1 1051/1019/1
f 1083/1051/1 1084/1052/1 1052/1020/1
f 1084/1052/1 1085/1053/1 1053/1021/1
f 1085/1053/1 1086/1054/1 1054/1022/1
f 1086/1054/1 1087/1055/1 1055/1023/1
f 1087/1055/1 1088/1056/1 1056/1024/1
f 1088/1056/1 1089/1057/1 1057/1025/1
f 1089/1057/1 1090/1058/1 1058/1026/1
f 1090/1058/1 1091/1059/1 1059/1027/1
f 1091/1059/1 1092/63/1 1060/61/1
f 67/1060/1 1093/1061/1 1061/1029/1
f 1093/1061/1 1094/1062/1 1062/1030/1
f 1094/1062/1 1095/1063/1 1063/1031/1
f 1095/1063/1 1096/1064/1 1064/1032/1
f 1096/1064/1 1097/1065/1 1065/1033/1
f 1097/1065/1 1098/1066/1 1066/1034/1
f 1098/1066/1 1099/1067/1 1067/1035/1
f 1099/1067/1 1100/1068/1 1068/1036/1
f 1100/1068/1 1101/1069/1 1069/1037/1
f 1101/1069/1 1102/1070/1 1070/1038/1
f 1102/1070/1 1103/1071/1 1071/1039/1
f 1103/1071/1 1104/1072/1 1072/1040/1
f 1104/1072/1 1105/1073/1 1073/1041/1
f 1105/1073/1 1106/1074/1 1074/1042/1
f 1106/1074/1 1107/1075/1 1075/1043/1
f 1107/1075/1 1108/1076/1 1076/1044/1
f 1108/1076/1 1109/1077/1 1077/1045/1
f 1109/1077/1 1110/1078/1 1078/1046/1
f 1110/1078/1 1111/1079/1 1079/1047/1
f 1111/1079/1 1112/1080/1 1080/1048/1
f 1112/1080/1 1113/1081/1 1081/1049/1
f 1113/1081/1 1114/1082/1 1082/1050/1
f 1114/1082/1 1115/1083/1 1083/1051/1
f 1115/1083/1 1116/1084/1 1084/1052/1
f 1116/1084/1 1117/1085/1 1085/1053/1
f 1117/1085/1 1118/1086/1 1086/1054/1
f 1118/1086/1 1119/1087/1 1087/1055/1
f 1119/1087/1 1120/1088/1 1088/1056/1
f 1120/1088/1 1121/1089/1 1089/1057/1
f 1121/1089/1 1122/1090/1 1090/1058/1
f 1122/1090/1 1123/1091/1 1091/1059/1
f 1123/1091/1 1124/65/1 1092/63/1
f 68/1092/1 1125/1093/1 1093/1061/1
f 1125/1093/1 1126/1094/1 1094/1062/1
f 1126/1094/1 1127/1095/1 1095/1063/1
f 1127/1095/1 1128/1096/1 1096/1064/1
f 1128/1096/1 1129/1097/1 1097/1065/1
f 1129/1097/1 1130/1098/1 1098/1066/1
f 1130/1098/1 1131/1099/1 1099/1067/1
f 1131/1099/1 1132/1100/1 1100/1068/1
f 1132/1100/1 1133/1101/1 1101/1069/1
f 1133/1101/1 1134/1102/1 1102/1070/1
f 1134/1102/1 1135/1103/1 1103/1071/1
f 1135/1103/1 1136/1104/1 1104/1072/1
f 1136/1104/1 1137/1105/1 1105/1073/1
f 1137/1105/1 1138/1106/1 1106/1074/1
f 1138/1106/1 1139/1107/1 1107/1075/1
f 1139/1107/1 1140/1108/1 1108/1076/1
f 1140/1108/1 1141/1109/1 1109/1077/1
f 1141/1109/1 1142/1110/1 1110/1078/1
f 1142/1110/1 1143/1111/1 1111/1079/1
f 1143/1111/1 1144/1112/1 1112/1080/1
f 1144/1112/1 1145/1113/1 1113/1081/1
f 1145/1113/1 1146/1114/1 1114/1082/1
f 1146/1114/1 1147/1115/1 1115/1083/1
f 1147/1115/1 1148/1116/1 1116/1084/1
f 1148/1116/1 1149/1117/1 1117/1085/1
f 1149/1117/1 1150/1118/1 1118/1086/1
f 1150/1118/1 1151/1119/1 1119/1087/1
f 1151/1119/1 1152/1120/1 1120/1088/1
f 1152/1120/1 1153/1121/1 1121/1089/1
f 1153/1121/1 1154/1122/1 1122/1090/1
f 1154/1122/1 1155/1123/1 1123/1091/1
f 1155/1123/1 1156/3/1 1124/65/1
f 2/1124/1 69/1125/1 1125/1093/1
f 69/1125/1 70/1126/1 1126/1094/1
f 70/1126/1 71/1127/1 1127/1095/1
f 71/1127/1 72/1128/1 1128/1096/1
f 72/1128/1 73/1129/1 1129/1097/1
f 73/1129/1 74/1130/1 1130/1098/1
f 74/1130/1 75/1131/1 1131/1099/1
f 75/1131/1 76/1132/1 1132/1100/1
f 76/1132/1 77/1133/1 1133/1101/1
f 77/1133/1 78/1134/1 1134/1102/1
f 78/1134/1 79/1135/1 1135/1103/1
f 79/1135/1 80/1136/1 1136/1104/1
f 80/1136/1 81/1137/1 1137/1105/1
f 81/1137/1 82/1138/1 1138/1106/1
f 82/1138/1 83/1139/1 1139/1107/1
f 83/1139/1 84/1140/1 1140/1108/1
f 84/1140/1 85/1141/1 1141/1109/1
f 85/1141/1 86/1142/1 1142/1110/1
f 86/1142/1 87/1143/1 1143/1111/1
f 87/1143/1 88/1144/1 1144/1112/1
f 88/1144/1 89/1145/1 1145/1113/1
f 89/1145/1 90/1146/1 1146/1114/1
f 90/1146/1 91/1147/1 1147/1115/1
f 91/1147/1 92/1148/1 1148/1116/1
f 92/1148/1 93/1149/1 1149/1117/1
f 93/1149/1 94/1150/1 1150/1118/1
f 94/1150/1 95/1151/1 1151/1119/1
f 95/1151/1 96/1152/1 1152/1120/1
f 96/1152/1 97/1153/1 1153/1121/1
f 97/1153/1 98/1154/1 1154/1122/1
f 98/1154/1 99/1155/1 1155/1123/1
f 99/1155/1 100/1/1 1156/3/1
